-- phpMyAdmin SQL Dump
-- version 5.2.1
-- https://www.phpmyadmin.net/
--
-- Host: 127.0.0.1
-- Generation Time: Jun 25, 2025 at 10:34 PM
-- Server version: 10.4.32-MariaDB
-- PHP Version: 8.0.30

SET SQL_MODE = "NO_AUTO_VALUE_ON_ZERO";
START TRANSACTION;
SET time_zone = "+00:00";


/*!40101 SET @OLD_CHARACTER_SET_CLIENT=@@CHARACTER_SET_CLIENT */;
/*!40101 SET @OLD_CHARACTER_SET_RESULTS=@@CHARACTER_SET_RESULTS */;
/*!40101 SET @OLD_COLLATION_CONNECTION=@@COLLATION_CONNECTION */;
/*!40101 SET NAMES utf8mb4 */;

--
-- Database: `store.atelien`
--

-- --------------------------------------------------------

--
-- Table structure for table `contact_us`
--

CREATE TABLE `contact_us` (
  `id` int(11) NOT NULL,
  `name` varchar(255) NOT NULL,
  `email` varchar(255) NOT NULL,
  `message` text NOT NULL,
  `submitted_at` timestamp NOT NULL DEFAULT current_timestamp(),
  `status` enum('New','Read','Responded') DEFAULT 'New'
) ENGINE=InnoDB DEFAULT CHARSET=utf8 COLLATE=utf8_general_ci;

--
-- Dumping data for table `contact_us`
--

INSERT INTO `contact_us` (`id`, `name`, `email`, `message`, `submitted_at`, `status`) VALUES
(1, 'Wuttikan', 'admin@atelien.com', '...', '2025-06-25 10:22:36', 'Responded'),
(2, 'Jaifah', 'admin@atelien.com', '...', '2025-06-25 10:26:12', 'Read'),
(11, 'Somsak', 'Somsak_Thailand@luv.thai', 'ผมชื่อสมศักดิ์ครับ มีความสนใจที่จะสร้างบ้านใหม่ และกำลังมองหาทีมงานมืออาชีพในการออกแบบทั้งตัวบ้านและภายใน ซึ่งผมได้ชมผลงานของทาง Atelien แล้วรู้สึกประทับใจมากในสไตล์ ความประณีต และแนวทางการออกแบบที่มีเอกลักษณ์\n\nเบื้องต้น ผมอยากพูดคุยเพื่อสอบถามรายละเอียดเพิ่มเติมเกี่ยวกับ:\n\nขั้นตอนการออกแบบบ้านและตกแต่งภายใน\n\nระยะเวลาโดยประมาณในการดำเนินงาน\n\nงบประมาณเบื้องต้น\n\nบริการดูแลโครงการในภาพรวม\n\nหากทางทีมสะดวก ผมยินดีนัดพบเพื่อพูดคุยเพิ่มเติม หรือประชุมออนไลน์ก็ได้ครับ พร้อมนำเสนอแนวคิดและข้อมูลเกี่ยวกับพื้นที่ที่ผมมีอยู่', '2025-06-25 14:55:51', 'New'),
(12, 'Somjai', 'Somjai_kub@need.new.house', 'I hope this message finds you well.\n\nI’m planning to build a new house and am very interested in working with your team for both the architectural design and interior styling. I admire the aesthetic and attention to detail in your previous projects and believe your approach aligns perfectly with the vision I have for my future home.\n\nAt this stage, I would love to discuss the possibilities, including:\n\nConcept development and design process\n\nBudget and timeline estimation\n\nInterior design consultation and styling\n\nProject management and construction support\n\nPlease let me know a convenient time for us to connect, either in person or virtually. I’m happy to provide initial ideas, inspiration, and details about the land and layout I have in mind.\n\nLooking forward to hearing from you soon.', '2025-06-25 14:57:24', 'New'),
(16, 'Wuttikan', 'admin@atelien.com', '...', '2025-06-25 20:14:20', 'New');

-- --------------------------------------------------------

--
-- Table structure for table `discount_coupons`
--

CREATE TABLE `discount_coupons` (
  `id` int(11) NOT NULL,
  `code` varchar(50) NOT NULL,
  `description` varchar(255) DEFAULT NULL,
  `discount_type` enum('fixed','percentage') NOT NULL DEFAULT 'fixed',
  `discount_value` decimal(10,2) NOT NULL,
  `min_order_amount` decimal(10,2) DEFAULT 0.00,
  `max_uses` int(11) DEFAULT NULL,
  `used_count` int(11) DEFAULT 0,
  `created_at` timestamp NOT NULL DEFAULT current_timestamp(),
  `updated_at` timestamp NOT NULL DEFAULT current_timestamp() ON UPDATE current_timestamp(),
  `status` enum('enable','disable') NOT NULL DEFAULT 'enable'
) ENGINE=InnoDB DEFAULT CHARSET=utf8mb4 COLLATE=utf8mb4_unicode_ci;

--
-- Dumping data for table `discount_coupons`
--

INSERT INTO `discount_coupons` (`id`, `code`, `description`, `discount_type`, `discount_value`, `min_order_amount`, `max_uses`, `used_count`, `created_at`, `updated_at`, `status`) VALUES
(2, 'ATELIEN', 'Special Atelien discount - Save $1000', 'fixed', 1000.00, 0.00, 50, 1, '2025-06-22 22:32:00', '2025-06-25 19:42:06', 'disable'),
(4, 'FREETAX', 'Free tax - 7% off', 'percentage', 7.00, 0.00, NULL, 6, '2025-06-24 08:07:18', '2025-06-25 16:18:40', 'enable'),
(10, 'MAX101', 'All product free for you - 100% off', 'percentage', 100.00, 0.00, 1, 1, '2025-06-25 19:41:44', '2025-06-25 20:21:40', 'enable');

-- --------------------------------------------------------

--
-- Table structure for table `monthly_stats`
--

CREATE TABLE `monthly_stats` (
  `id` int(11) NOT NULL,
  `metric` enum('revenue','orders','users') NOT NULL,
  `year` int(11) NOT NULL,
  `month` int(11) NOT NULL,
  `value` int(11) NOT NULL,
  `created_at` timestamp NOT NULL DEFAULT current_timestamp()
) ENGINE=InnoDB DEFAULT CHARSET=utf8 COLLATE=utf8_general_ci;

--
-- Dumping data for table `monthly_stats`
--

INSERT INTO `monthly_stats` (`id`, `metric`, `year`, `month`, `value`, `created_at`) VALUES
(289, 'revenue', 2024, 1, 1222241, '2025-06-24 11:56:48'),
(290, 'orders', 2024, 1, 267, '2025-06-24 11:56:48'),
(291, 'users', 2024, 1, 18, '2025-06-24 11:56:48'),
(292, 'revenue', 2024, 2, 1196948, '2025-06-24 11:56:48'),
(293, 'orders', 2024, 2, 260, '2025-06-24 11:56:48'),
(294, 'users', 2024, 2, 20, '2025-06-24 11:56:48'),
(295, 'revenue', 2024, 3, 1288346, '2025-06-24 11:56:48'),
(296, 'orders', 2024, 3, 283, '2025-06-24 11:56:48'),
(297, 'users', 2024, 3, 26, '2025-06-24 11:56:48'),
(298, 'revenue', 2024, 4, 1272918, '2025-06-24 11:56:48'),
(299, 'orders', 2024, 4, 259, '2025-06-24 11:56:48'),
(300, 'users', 2024, 4, 27, '2025-06-24 11:56:48'),
(301, 'revenue', 2024, 5, 1198640, '2025-06-24 11:56:48'),
(302, 'orders', 2024, 5, 265, '2025-06-24 11:56:48'),
(303, 'users', 2024, 5, 28, '2025-06-24 11:56:48'),
(304, 'revenue', 2024, 6, 1261553, '2025-06-24 11:56:48'),
(305, 'orders', 2024, 6, 281, '2025-06-24 11:56:48'),
(306, 'users', 2024, 6, 26, '2025-06-24 11:56:48'),
(307, 'revenue', 2024, 7, 1225631, '2025-06-24 11:56:48'),
(308, 'orders', 2024, 7, 266, '2025-06-24 11:56:48'),
(309, 'users', 2024, 7, 28, '2025-06-24 11:56:48'),
(310, 'revenue', 2024, 8, 1254023, '2025-06-24 11:56:48'),
(311, 'orders', 2024, 8, 264, '2025-06-24 11:56:48'),
(312, 'users', 2024, 8, 24, '2025-06-24 11:56:48'),
(313, 'revenue', 2024, 9, 1089811, '2025-06-24 11:56:48'),
(314, 'orders', 2024, 9, 245, '2025-06-24 11:56:48'),
(315, 'users', 2024, 9, 25, '2025-06-24 11:56:48'),
(316, 'revenue', 2024, 10, 1260866, '2025-06-24 11:56:48'),
(317, 'orders', 2024, 10, 260, '2025-06-24 11:56:48'),
(318, 'users', 2024, 10, 23, '2025-06-24 11:56:48'),
(319, 'revenue', 2024, 11, 1217783, '2025-06-24 11:56:48'),
(320, 'orders', 2024, 11, 269, '2025-06-24 11:56:48'),
(321, 'users', 2024, 11, 27, '2025-06-24 11:56:48'),
(322, 'revenue', 2024, 12, 1137156, '2025-06-24 11:56:48'),
(323, 'orders', 2024, 12, 257, '2025-06-24 11:56:48'),
(324, 'users', 2024, 12, 25, '2025-06-24 11:56:48'),
(325, 'revenue', 2025, 1, 1298147, '2025-06-24 11:56:48'),
(326, 'orders', 2025, 1, 273, '2025-06-24 11:56:48'),
(327, 'users', 2025, 1, 42, '2025-06-24 11:56:48'),
(328, 'revenue', 2025, 2, 1226936, '2025-06-24 11:56:48'),
(329, 'orders', 2025, 2, 255, '2025-06-24 11:56:48'),
(330, 'users', 2025, 2, 44, '2025-06-24 11:56:48'),
(331, 'revenue', 2025, 3, 1274497, '2025-06-24 11:56:48'),
(332, 'orders', 2025, 3, 273, '2025-06-24 11:56:48'),
(333, 'users', 2025, 3, 37, '2025-06-24 11:56:48'),
(334, 'revenue', 2025, 4, 1256232, '2025-06-24 11:56:48'),
(335, 'orders', 2025, 4, 271, '2025-06-24 11:56:48'),
(336, 'users', 2025, 4, 26, '2025-06-24 11:56:48'),
(337, 'revenue', 2025, 5, 1162602, '2025-06-24 11:56:48'),
(338, 'orders', 2025, 5, 266, '2025-06-24 11:56:48'),
(339, 'users', 2025, 5, 33, '2025-06-24 11:56:48'),
(340, 'revenue', 2025, 6, 1240422, '2025-06-24 11:56:48'),
(341, 'orders', 2025, 6, 251, '2025-06-24 11:56:48'),
(342, 'users', 2025, 6, 35, '2025-06-24 11:56:48'),
(343, 'revenue', 2025, 7, 1218678, '2025-06-24 11:56:48'),
(344, 'orders', 2025, 7, 262, '2025-06-24 11:56:48'),
(345, 'users', 2025, 7, 34, '2025-06-24 11:56:48'),
(346, 'revenue', 2025, 8, 1314527, '2025-06-24 11:56:48'),
(347, 'orders', 2025, 8, 285, '2025-06-24 11:56:48'),
(348, 'users', 2025, 8, 39, '2025-06-24 11:56:48'),
(349, 'revenue', 2025, 9, 1140085, '2025-06-24 11:56:48'),
(350, 'orders', 2025, 9, 262, '2025-06-24 11:56:48'),
(351, 'users', 2025, 9, 26, '2025-06-24 11:56:48'),
(352, 'revenue', 2025, 10, 1183145, '2025-06-24 11:56:48'),
(353, 'orders', 2025, 10, 266, '2025-06-24 11:56:48'),
(354, 'users', 2025, 10, 44, '2025-06-24 11:56:48'),
(355, 'revenue', 2025, 11, 1201088, '2025-06-24 11:56:48'),
(356, 'orders', 2025, 11, 265, '2025-06-24 11:56:48'),
(357, 'users', 2025, 11, 40, '2025-06-24 11:56:48'),
(358, 'revenue', 2025, 12, 1301943, '2025-06-24 11:56:48'),
(359, 'orders', 2025, 12, 267, '2025-06-24 11:56:48'),
(360, 'users', 2025, 12, 38, '2025-06-24 11:56:48');

-- --------------------------------------------------------

--
-- Table structure for table `orders`
--

CREATE TABLE `orders` (
  `id` int(11) NOT NULL,
  `user_id` int(11) NOT NULL,
  `status` enum('pending','paid','failed','cancelled') NOT NULL DEFAULT 'pending',
  `status_delivery` enum('pending','in_transit','delivered','failed','cancelled') NOT NULL DEFAULT 'pending',
  `shipping_info` longtext CHARACTER SET utf8mb4 COLLATE utf8mb4_bin NOT NULL CHECK (json_valid(`shipping_info`)),
  `shipping_method` varchar(50) NOT NULL,
  `discount_code` varchar(50) DEFAULT NULL,
  `discount_amount` decimal(10,2) NOT NULL DEFAULT 0.00,
  `subtotal` decimal(10,2) NOT NULL,
  `shipping_cost` decimal(10,2) NOT NULL,
  `taxes` decimal(10,2) NOT NULL,
  `total` decimal(10,2) NOT NULL,
  `items` longtext CHARACTER SET utf8mb4 COLLATE utf8mb4_bin NOT NULL CHECK (json_valid(`items`)),
  `created_at` timestamp NOT NULL DEFAULT current_timestamp(),
  `updated_at` timestamp NOT NULL DEFAULT current_timestamp() ON UPDATE current_timestamp()
) ENGINE=InnoDB DEFAULT CHARSET=utf8mb4 COLLATE=utf8mb4_unicode_ci;

--
-- Dumping data for table `orders`
--

INSERT INTO `orders` (`id`, `user_id`, `status`, `status_delivery`, `shipping_info`, `shipping_method`, `discount_code`, `discount_amount`, `subtotal`, `shipping_cost`, `taxes`, `total`, `items`, `created_at`, `updated_at`) VALUES
(37, 1, 'paid', 'delivered', '{\"firstName\":\"Wuttikan\",\"lastName\":\"Suksan\",\"company\":\"\",\"address\":\"123 Nimman Rd\",\"apartment\":\"\",\"city\":\"Chiang Mai\",\"state\":\"Chiang Mai\",\"zip\":\"50000\",\"phone\":\"0998887777\",\"country\":\"TH\"}', 'express', 'FREETAX', 1933.33, 27619.00, 800.00, 1798.00, 28283.67, '[{\"id\":\"10\",\"name\":\"O Stool\",\"quantity\":3,\"price\":5800,\"image\":\"https://store.leibal.com/cdn/shop/products/ostool2.jpg?crop=center&height=2048&v=1571439761&width=2048\",\"maker\":\"Estudio Persona\",\"lead_time\":\"6-8 Weeks\"},{\"id\":\"30\",\"name\":\"Beam Desk\",\"quantity\":1,\"price\":6300,\"image\":\"https://store.leibal.com/cdn/shop/files/beam-desk-2.jpg?crop=center&height=2048&v=1728424349&width=2048\",\"maker\":\"Marquel Williams\",\"lead_time\":\"8-10 Weeks\"},{\"id\":\"562\",\"name\":\"Primitive Structure\",\"quantity\":1,\"price\":3629,\"image\":\"https://store.leibal.com/cdn/shop/products/2_f94d05a0-cf1d-46d8-ae88-d673ea035fd4.jpg?crop=center&height=2048&v=1573771680&width=2048\",\"maker\":\"Michael Anastassiades\",\"lead_time\":\"10-12 Weeks\"},{\"id\":\"53\",\"name\":\"Sphere Oil Diffuser\",\"quantity\":1,\"price\":290,\"image\":\"https://store.leibal.com/cdn/shop/files/Frama-Sphere-Oil-Diffuser-1.jpg?crop=center&height=2048&v=1689729561&width=2048\",\"maker\":\"Frama\",\"lead_time\":\"2-4 Weeks\"}]', '2025-06-25 16:18:47', '2025-06-25 18:27:19'),
(38, 1, 'paid', 'delivered', '{\"firstName\":\"Somchai\",\"lastName\":\"Jaisai\",\"company\":\"\",\"address\":\"123 Nimman Rd.\",\"apartment\":\"\",\"city\":\"Chiang Mai\",\"state\":\"Chiang Mai\",\"zip\":\"50000\",\"phone\":\"0998887777\",\"country\":\"TH\"}', 'standard', NULL, 0.00, 12800.00, 650.00, 896.00, 14346.00, '[{\"id\":\"9\",\"name\":\"Ele Armchair\",\"quantity\":1,\"price\":6400,\"image\":\"https://store.leibal.com/cdn/shop/files/ele-2.jpg?crop=center&height=2048&v=1704599167&width=2048\",\"maker\":\"Jaume Ramirez Studio\",\"lead_time\":\"10-12 Weeks\"},{\"id\":\"40\",\"name\":\"Eileen Bedside Table + Tray\",\"quantity\":1,\"price\":4000,\"image\":\"https://store.leibal.com/cdn/shop/files/eileen-2.jpg?crop=center&height=2048&v=1715395088&width=2048\",\"maker\":\"Obstacles\",\"lead_time\":\"10-12 Weeks\"},{\"id\":\"47\",\"name\":\"Large Portal Vase\",\"quantity\":2,\"price\":1200,\"image\":\"https://store.leibal.com/cdn/shop/files/portal-2.jpg?crop=center&height=2048&v=1707531159&width=2048\",\"maker\":\"Origin Made\",\"lead_time\":\"6-8 Weeks\"}]', '2025-06-25 18:17:32', '2025-06-25 20:22:11'),
(39, 13, 'cancelled', 'cancelled', '{\"firstName\":\"Shoksan\",\"lastName\":\"Pluemjai\",\"company\":\"\",\"address\":\"112 Nimman Rd.\",\"apartment\":\"\",\"city\":\"Chiang Mai\",\"state\":\"Chiang Mai\",\"zip\":\"50000\",\"phone\":\"0998887777\",\"country\":\"TH\"}', 'express', 'ATELIEN', 1000.00, 43810.00, 800.00, 2996.70, 46606.70, '[{\"id\":\"53\",\"name\":\"Sphere Oil Diffuser\",\"quantity\":3,\"price\":290,\"image\":\"https://store.leibal.com/cdn/shop/files/Frama-Sphere-Oil-Diffuser-1.jpg?crop=center&height=2048&v=1689729561&width=2048\",\"maker\":\"Frama\",\"lead_time\":\"2-4 Weeks\"},{\"id\":\"29\",\"name\":\"THEWALL#07\",\"quantity\":2,\"price\":9145,\"image\":\"https://store.leibal.com/cdn/shop/files/the-wall-07-01.jpg?crop=center&height=2048&v=1724704828&width=2048\",\"maker\":\"Sing Chan\",\"lead_time\":\"6-8 Weeks\"},{\"id\":\"39\",\"name\":\"OBJ-04 Shelf\",\"quantity\":1,\"price\":9500,\"image\":\"https://store.leibal.com/cdn/shop/files/obj-4-1.jpg?crop=center&height=2048&v=1712099900&width=2048\",\"maker\":\"Manu Bano\",\"lead_time\":\"10-12 Weeks\"},{\"id\":\"4\",\"name\":\"Marina Sofa\",\"quantity\":1,\"price\":13750,\"image\":\"https://store.leibal.com/cdn/shop/files/marina-2.jpg?crop=center&height=2048&v=1715395591&width=2048\",\"maker\":\"Obstacles\",\"lead_time\":\"10-12 Weeks\"},{\"id\":\"48\",\"name\":\"Bowl\",\"quantity\":1,\"price\":1400,\"image\":\"https://store.leibal.com/cdn/shop/files/bowl-lime-4.jpg?crop=center&height=2048&v=1705695003&width=2048\",\"maker\":\"whenobjectswork\",\"lead_time\":\"6-8 Weeks\"}]', '2025-06-25 18:26:52', '2025-06-25 18:27:31'),
(100, 13, 'paid', 'in_transit', '{\"firstName\": \"Pongchai\", \"lastName\": \"Rattanachai\", \"address\": \"123 Test Road\", \"city\": \"Bangkok\", \"zip\": \"10110\", \"phone\": \"0891234567\", \"country\": \"TH\"}', 'express', NULL, 0.00, 9720.00, 850.00, 680.40, 11250.40, '[{\"id\": 559, \"name\": \"ARV Dining Chair with Armrest - Woven\", \"quantity\": 2, \"price\": 1960.0}, {\"id\": 10, \"name\": \"O Stool\", \"quantity\": 1, \"price\": 5800.0}]', '2025-06-09 11:31:15', '2025-06-25 11:31:15'),
(101, 1, 'paid', 'in_transit', '{\"firstName\": \"Sudarat\", \"lastName\": \"Meesuk\", \"address\": \"123 Test Road\", \"city\": \"Bangkok\", \"zip\": \"10110\", \"phone\": \"0891234567\", \"country\": \"TH\"}', 'standard', 'WELCOME10', 2562.90, 25629.00, 650.00, 1614.63, 25330.73, '[{\"id\": 3, \"name\": \"OBJ-05 Chair\", \"quantity\": 1, \"price\": 18000.0}, {\"id\": 40, \"name\": \"Eileen Bedside Table + Tray\", \"quantity\": 1, \"price\": 4000.0}, {\"id\": 562, \"name\": \"Primitive Structure\", \"quantity\": 1, \"price\": 3629.0}]', '2025-06-13 11:31:15', '2025-06-25 11:31:15'),
(102, 1, 'pending', 'pending', '{\"firstName\":\"Korn\",\"lastName\":\"Sirimongkol\",\"address\":\"12 Nimmanhaemin\",\"city\":\"Chiang Mai\",\"zip\":\"50000\",\"phone\":\"0812345678\",\"country\":\"TH\"}', 'standard', NULL, 0.00, 17375.00, 650.00, 1216.25, 19241.25, '[{\"id\":31,\"name\":\"Puffball Cloud Pendant\",\"quantity\":1,\"price\":17375}]', '2025-06-25 18:32:41', '2025-06-25 18:33:39'),
(103, 13, 'paid', 'pending', '{\"firstName\":\"Natasha\",\"lastName\":\"Vilas\",\"address\":\"456 Rama 9\",\"city\":\"Bangkok\",\"zip\":\"10310\",\"phone\":\"0858889999\",\"country\":\"TH\"}', 'express', 'WELCOME10', 1960.00, 19600.00, 850.00, 1372.00, 19862.00, '[{\"id\":559,\"name\":\"ARV Dining Chair with Armrest - Woven\",\"quantity\":10,\"price\":1960}]', '2025-06-25 18:32:41', '2025-06-25 18:32:41'),
(104, 1, 'failed', 'cancelled', '{\"firstName\":\"Akkharawat\",\"lastName\":\"Meechai\",\"address\":\"75 Sirimangkalajarn\",\"city\":\"Chiang Mai\",\"zip\":\"50000\",\"phone\":\"0865566778\",\"country\":\"TH\"}', 'standard', NULL, 0.00, 4130.00, 650.00, 289.10, 5069.10, '[{\"id\":12,\"name\":\"Arv Lounge Chair\",\"quantity\":1,\"price\":3840},{\"id\":53,\"name\":\"Sphere Oil Diffuser\",\"quantity\":1,\"price\":290}]', '2025-06-25 18:32:41', '2025-06-25 18:33:29'),
(105, 1, 'paid', 'in_transit', '{\"firstName\":\"Korn\",\"lastName\":\"Sirimongkol\",\"address\":\"12 Nimmanhaemin\",\"city\":\"Chiang Mai\",\"zip\":\"50000\",\"phone\":\"0812345678\",\"country\":\"TH\"}', 'standard', NULL, 0.00, 17375.00, 650.00, 1216.25, 19241.25, '[{\"id\":31,\"name\":\"Puffball Cloud Pendant\",\"quantity\":1,\"price\":17375}]', '2025-06-25 18:32:51', '2025-06-25 18:32:51'),
(106, 13, 'paid', 'pending', '{\"firstName\":\"Natasha\",\"lastName\":\"Vilas\",\"address\":\"456 Rama 9\",\"city\":\"Bangkok\",\"zip\":\"10310\",\"phone\":\"0858889999\",\"country\":\"TH\"}', 'express', 'WELCOME10', 1960.00, 19600.00, 850.00, 1372.00, 19862.00, '[{\"id\":559,\"name\":\"ARV Dining Chair with Armrest - Woven\",\"quantity\":10,\"price\":1960}]', '2025-06-25 18:32:51', '2025-06-25 18:32:51'),
(107, 1, 'pending', 'pending', '{\"firstName\":\"Akkharawat\",\"lastName\":\"Meechai\",\"address\":\"75 Sirimangkalajarn\",\"city\":\"Chiang Mai\",\"zip\":\"50000\",\"phone\":\"0865566778\",\"country\":\"TH\"}', 'standard', NULL, 0.00, 4130.00, 650.00, 289.10, 5069.10, '[{\"id\":12,\"name\":\"Arv Lounge Chair\",\"quantity\":1,\"price\":3840},{\"id\":53,\"name\":\"Sphere Oil Diffuser\",\"quantity\":1,\"price\":290}]', '2025-06-25 18:32:51', '2025-06-25 18:32:51'),
(108, 18, 'pending', 'pending', '{\"firstName\":\"Wuttikan\",\"lastName\":\"Suksan\",\"company\":\"Chiang Mai university\",\"address\":\"123 Nimman Rd.\",\"apartment\":\"\",\"city\":\"Chiang Mai\",\"state\":\"Chiang Mai\",\"zip\":\"50000\",\"phone\":\"0998887777\",\"country\":\"TH\"}', 'standard', 'MAX100', 27500.00, 27500.00, 650.00, 0.00, 650.00, '[{\"id\":\"4\",\"name\":\"Marina Sofa\",\"quantity\":2,\"price\":13750,\"image\":\"https://store.leibal.com/cdn/shop/files/marina-2.jpg?crop=center&height=2048&v=1715395591&width=2048\",\"maker\":\"Obstacles\",\"lead_time\":\"10-12 Weeks\"}]', '2025-06-25 20:17:14', '2025-06-25 20:17:14');

-- --------------------------------------------------------

--
-- Table structure for table `products`
--

CREATE TABLE `products` (
  `id` int(11) NOT NULL,
  `name` varchar(255) NOT NULL,
  `description` text DEFAULT NULL,
  `price` decimal(10,2) DEFAULT NULL,
  `cost_price` decimal(10,2) DEFAULT NULL,
  `category` enum('seating','tables','lighting','storage','accessories') NOT NULL,
  `image` varchar(500) DEFAULT NULL,
  `image_hover` varchar(500) DEFAULT NULL,
  `maker` varchar(255) DEFAULT NULL,
  `lead_time` varchar(100) DEFAULT NULL,
  `created_at` timestamp NOT NULL DEFAULT current_timestamp(),
  `status` enum('enable','disable') NOT NULL DEFAULT 'enable'
) ENGINE=InnoDB DEFAULT CHARSET=utf8 COLLATE=utf8_general_ci;

--
-- Dumping data for table `products`
--

INSERT INTO `products` (`id`, `name`, `description`, `price`, `cost_price`, `category`, `image`, `image_hover`, `maker`, `lead_time`, `created_at`, `status`) VALUES
(2, 'PK24 - Wicker', 'The PK24™ Chaise Longue, one of the most distinguished pieces in Fritz Hansen\'s Poul Kjærholm collection, seamlessly blends historical influence with modern materials and methods. Drawing inspiration from the Rococo period and the French chaise longue, Kjærholm reimagined the concept using steel, rendering a support system for a smoothly flowing form. Known also as the \'Hammock Chair\', the PK24™ puts forward a unique design principle — suspending the body between two points. This structural design underscores the practical function of the chair, offering unparalleled comfort while maintaining a sculptural, fluid aesthetic.\n\nThe chair’s flowing form, achieved through Kjærholm\'s ingenious use of steel, offers a seamless blend of strength and elegance. It captures the essence of modern design while hinting at historical periods, creating a timeless piece that appeals to a wide range of aesthetics. For architects and design professionals, the PK24™ Chaise Longue is not just a chair; it is an embodiment of innovative design that draws from the past while shaping the future. Whether placed in a minimalist workspace or a classical interior, the PK24™ brings both style and function, making a bold statement about the appreciation of enduring design.', 26847.00, NULL, 'seating', 'https://store.leibal.com/cdn/shop/files/pk24-wicker-black-2.jpg?crop=center&height=2048&v=1685310872&width=2048', NULL, 'Fritz Hansen', '10-12 Weeks', '2025-06-21 16:33:49', 'enable'),
(3, 'OBJ-05 Chair', 'Manu Bañó\'s latest series delves into the capabilities and boundaries of copper, crafted in the enchanting town of Santa Clara del Cobre, Michoacán, Mexico, renowned for its extensive goldsmith heritage and craftsmen skilled in creating diminutive copper items like pots and vessels. This collection features three items: a chair, a coffee table, and a wall lamp. Each piece is meticulously shaped by hand from a slender copper sheet. The manual hammering process not only fortifies the material but also adds a three-dimensional quality to the designs.', 18000.00, NULL, 'seating', 'https://store.leibal.com/cdn/shop/files/obj-05-2.jpg?crop=center&height=2048&v=1713210368&width=2048', 'https://store.leibal.com/cdn/shop/files/obj-05-1.jpg?crop=center&height=2048&v=1713210368&width=2048', 'Manu Bano', '10-12 Weeks', '2025-06-21 16:33:49', 'enable'),
(4, 'Marina Sofa', 'In contrast to Crude\'s signature clean-lined designs, the Marina Sofa stands out with its understated curvature, adding a touch of elegance to any space. Crafted with an oak veneered frame, its versatility shines through with removable marble powder backrests, effortlessly transforming it into a luxurious chaise lounge. With a blend of natural and synthetic feather cushions, it offers a hypoallergenic seating solution. Tailored to fit any project, its size and wood frame color can be customized, while a diverse selection of linen upholstery colors ensures a perfect match for every client\'s preferences.', 13750.00, NULL, 'seating', 'https://store.leibal.com/cdn/shop/files/marina-2.jpg?crop=center&height=2048&v=1715395591&width=2048', 'https://store.leibal.com/cdn/shop/files/marina-1.jpg?crop=center&height=2048&v=1715395592&width=2048', 'Obstacles', '10-12 Weeks', '2025-06-21 16:33:49', 'enable'),
(5, 'Nido Sofa', 'The Nido Sofa is a creative interpretation of the interplay between contrasting shapes. The design features a leather upholstered wooden seat, possessing an egg-like form that nestles within the sofa\'s solid wood frame crafted in a cross shape. This thoughtful juxtaposition of shapes gives the sofa its name - Nido, which translates to \'nest\' in Spanish. Built on a base available in either walnut or white oak, the Nido Sofa embodies a fusion of style and stability. Its strong lines offer a robust foundation, which, when coupled with the soft and round contours of the leather seat, creates a piece that prioritizes both comfort and design aesthetic.\r\n\r\nThe Nido Sofa goes beyond being a seating solution; it represents a playful blend of shapes, materials, and comfort. The union of its distinctive rounded seat and solid cross-shaped base creates a dynamic visual interest, making the Nido Sofa a focal point in any space. For design professionals and architects, the Nido Sofa embodies the harmony of geometric interplay and comfort. Whether it\'s integrated into a modern minimalist setting or a more traditional interior, the Nido enhances the ambiance with its distinctive design and comfortable appeal. It stands as a testament to the power of thoughtful and innovative design in furniture.', 12000.00, NULL, 'seating', 'https://store.leibal.com/cdn/shop/files/nido-sofa-black-front.jpg?crop=center&height=2048&v=1685405450&width=2048', 'https://store.leibal.com/cdn/shop/products/nido5.jpg?crop=center&height=2048&v=1685405450&width=2048', 'Estudio Persona', '10-12 Weeks', '2025-06-21 16:33:49', 'disable'),
(6, 'Covent Residential Sofa', 'Introducing the Covent Residential Sofa: a cozy twist on the timeless Covent Sofa. This new design boasts a spacious seat and loose cushions for ultimate relaxation. While maintaining the signature elegance of the Covent series, it offers a homey comfort perfect for any living space. The firm, curved exterior and subtly defined armrests preserve the distinct precision that sets the Covent line apart, making this sofa a striking centerpiece in any room. The ample seating and four plush cushions provide a welcoming invitation to sink into luxurious softness and warmth.', 8799.00, NULL, 'seating', 'https://store.leibal.com/cdn/shop/files/covent-residential-lana-2.jpg?crop=center&height=2048&v=1724877349&width=2048', 'https://store.leibal.com/cdn/shop/files/covent-residential-lana-1.jpg?crop=center&height=2048&v=1724877349&width=2048', 'New Works', '6-8 Weeks', '2025-06-21 16:33:49', 'enable'),
(7, 'Beam Lounge Chair', 'Beams is inspired by the use of structural supports in architectural buildings, further contextualized within the structures they inhabit. The Beam Chair features precisely angled I-beams and laser cut aluminum sheets. The surface is treated with a waxed finish, balancing a sense of rigid industrialism with utility. Edition of 10.', 7750.00, NULL, 'seating', 'https://store.leibal.com/cdn/shop/files/beam-lounge-4_c5a6d6ab-e595-4ed1-8ae4-3bf25f52e789.jpg?crop=center&height=2048&v=1728335435&width=2048', 'https://store.leibal.com/cdn/shop/files/beam-lounge-4_c5a6d6ab-e595-4ed1-8ae4-3bf25f52e789.jpg?crop=center&height=2048&v=1728335435&width=2048', 'Marquel Williams', '8-10 Weeks', '2025-06-21 16:33:49', 'enable'),
(8, 'Nido Chair', 'The Nido Chair emerges from a thoughtful exploration of shapes and their interplay. The design features a leather upholstered wooden seat with an egg-like shape, nestled within a cross-shaped solid wood frame. This intriguing juxtaposition of forms gives the chair its name - Nido, meaning \'nest\' in Spanish. The solidity and linear design of the Nido\'s base, available in either walnut or white oak, provide a stylish foundation and dependable stability. This robust frame, contrasted with the soft, round contours of the leather seat, ensures that comfort is not compromised for the sake of style.\r\n\r\nThe Nido Chair is more than a seating solution; it\'s a fusion of contrasting shapes, materials, and textures, creating a unique piece that combines form and function. The interplay of the rounded seat and the solid cross-shaped base generates a dynamic visual appeal, making the Nido a standout piece in any setting. For design professionals and architects, the Nido Chair represents a synthesis of geometry and comfort. Whether it\'s featured in a modern minimalist interior or a traditional setting, the Nido enhances the space with its unique form and comfortable design. It serves not just as a piece of furniture, but as a testament to the power of innovative design.', 7200.00, NULL, 'seating', 'https://store.leibal.com/cdn/shop/files/nido_black.jpg?crop=center&height=2048&v=1685404336&width=2048', NULL, 'Estudio Persona', '10-12 Weeks', '2025-06-21 16:33:49', 'enable'),
(9, 'Ele Armchair', 'The creative process wasn\'t guided by any predetermined ambition; instead, it was allowed to organically emerge from the environment itself. This environment was composed of nothing more than wooden planks and an assortment of surplus fabric discovered within the confines of the workspace. Over the course of this solitary month, the designer\'s journey was punctuated with fleeting moments of trial and error.\r\n\r\nThe resulting fragments of ideas, material samples, and proposals were like breadcrumbs in a forest, scattered signposts that led to the creation of a unique object. However, this object, as it stood at the end of that first month, defied conventional definitions of functionality—it was impossible to sit on. The essence of this object remained enigmatic, even to the designer. Over the subsequent five years, it existed in a state of flux, oscillating between states of completion and incompletion. Prototypes of this object, along with numerous photographs, served as a silent testament to its evolution, accompanying the designer on their creative journey.', 6400.00, NULL, 'seating', 'https://store.leibal.com/cdn/shop/files/ele-2.jpg?crop=center&height=2048&v=1704599167&width=2048', 'https://store.leibal.com/cdn/shop/files/ele-2.jpg?crop=center&height=2048&v=1704599167&width=2048', 'Jaume Ramirez Studio', ' 10-12 Weeks', '2025-06-21 16:33:49', 'enable'),
(10, 'O Stool', 'The O Stool harnesses the circular form, pushing its boundaries through a series of unfolding and folding actions, transforming the typically rigid steel into a depiction of fluid softness. This dynamic form captures the play of light and shadows, as they gather and curve outward, embodying a steady sense of ebb and flow. Fabricated from blackened steel, each piece is meticulously bent and welded together. The stool demonstrates not just aesthetic finesse, but also remarkable durability, making it suitable for both outdoor and indoor use.\r\n\r\nThe O Stool is crafted by hand in Los Angeles, California, underscoring a commitment to local craftsmanship and sustainable practices by using locally sourced materials. This stool is more than a seating solution; it\'s a sculptural piece that captures the fluidity of form and the interplay of light and shadow. For design professionals and architects, the O Stool offers an intriguing blend of form, functionality, and craftsmanship. Its unique design and durability make it a versatile addition to any space, from contemporary settings to more traditional environments. The O Stool stands as a testament to the power of innovative design and sustainable practices.', 5800.00, NULL, 'seating', 'https://store.leibal.com/cdn/shop/products/ostool2.jpg?crop=center&height=2048&v=1571439761&width=2048', 'https://store.leibal.com/cdn/shop/products/ostool4.jpg?crop=center&height=2048&v=1571439761&width=2048', 'Estudio Persona', '6-8 Weeks', '2025-06-21 16:33:49', 'enable'),
(11, 'Block Chair', 'The Block Chair, a standout piece from the Connection collection, encapsulates the exploration of volumes and construction principles. This collection represents an innovative approach to design, focusing on the interaction of different elements to create functional and aesthetically appealing pieces.\r\n\r\nThe Block Chair also marks the studio\'s initial exploration into the realm of color, drawing inspiration from a discourse on \"chromophobia.\" This introduction of color serves to redefine the perception of the pieces, adding a new dimension to their visual appeal.\r\n\r\nThe underlying idea of the Block Chair, and the Connection collection as a whole, is to arrange and interconnect the individual pieces in a manner that maximises functionality. In doing so, the collection encourages a fresh perspective on spatial relationships and surroundings.\r\n\r\nFor design professionals and architects, the Block Chair signifies a shift in design philosophy - an exploration of form, functionality, and color that brings a new vitality to any space. Whether incorporated into a modernist setting or a more traditional interior, the Block Chair offers a fresh perspective on design and functionality, encouraging viewers to reimagine their environments.', 5500.00, NULL, 'seating', 'https://store.leibal.com/cdn/shop/products/Block2.jpg?crop=center&height=2048&v=1685401872&width=2048', 'https://store.leibal.com/cdn/shop/products/Block4.jpg?crop=center&height=2048&v=1685401872&width=2048', 'Estudio Persona', '6-8 Weeks', '2025-06-21 16:33:49', 'enable'),
(12, 'Arv Lounge Chair', 'Fifth-generation furniture makers Brdr. Krüger has collaborated with David Thulstrup to create a lounge chair version of the acclaimed and award-winning ARV Chair, initially designed for restaurant Noma.\r\n\r\nThulstrup seeks to balance beauty with durability, lightness with comfort, and materials that will only become more expressed over time.', 3840.00, NULL, 'seating', 'https://store.leibal.com/cdn/shop/products/oiled_oak_front.jpg?crop=center&height=2048&v=1687024589&width=2048', 'https://store.leibal.com/cdn/shop/products/oiled_oak_front.jpg?crop=center&height=2048&v=1687024589&width=2048', 'Brdr. Krüger', ' 12-14 Weeks', '2025-06-21 16:33:49', 'enable'),
(25, 'Cosmos Table', 'Introducing the Cosmos Table, a stunning collaboration with Spanish artist, Yoyo Balagué. Inspired by Yoyo\'s expertise in \"pit-firing\" ceramics, an ancient technique of firing clay in a pit or hole dug in the ground, this table embodies a fusion of natural elements and artistic craftsmanship. Yoyo\'s dedication to \"pit-firing\" ceramics inspired the creation of this unique piece, where wood and clay converge in a harmonious union. Through the transformative power of fire, these materials intertwine to reveal a captivating texture and character, making each table a testament to the beauty of natural processes and artistic collaboration.', 17000.00, NULL, 'tables', 'https://store.leibal.com/cdn/shop/files/cosmos-1.jpg?crop=center&height=2048&v=1715649249&width=2048', 'https://store.leibal.com/cdn/shop/files/cosmos-2.jpg?crop=center&height=2048&v=1715649249&width=2048', 'Obstacles', '10-12 Weeks', '2025-06-21 16:33:49', 'enable'),
(26, 'OBJ-06 Coffee Table', 'Manu Bañó\'s latest collection delves into the capabilities and boundaries of copper, crafted in the enchanting town of Santa Clara del Cobre, Michoacán, Mexico, renowned for its extensive goldsmith heritage and craftsmen skilled in creating diminutive copper items like pots and vessels.\r\n\r\nThis collection features three items: a chair, a coffee table, and a wall lamp. Each piece is meticulously shaped by hand from a slender copper sheet. The manual hammering process not only fortifies the material but also adds a three-dimensional quality to the designs.', 16000.00, NULL, 'tables', 'https://store.leibal.com/cdn/shop/files/obj-06.jpg?crop=center&height=2048&v=1713300179&width=2048', 'https://store.leibal.com/cdn/shop/files/obj-06-2.jpg?crop=center&height=2048&v=1713300179&width=2048', 'Manu Bano', '10-12 Weeks', '2025-06-21 16:33:49', 'enable'),
(27, 'BB Coffee Table', 'BB Coffee Table is a minimalist coffee table designed by Paris-based practice CORPUS STUDIO. This series notably features a distinct approach to design through the division, repetition, and assembly of a straightforward element: a wheel crafted from aluminium. This methodical process transforms the wheel into various functional items that not only serve practical purposes but also captivate with their visual appeal. At the heart of the collection lies a table, ingeniously constructed from four cast metal elements that double as supports and potential storage solutions. These elements are brought together by a tabletop, creating a harmonious structure.', 10620.00, NULL, 'tables', 'https://store.leibal.com/cdn/shop/files/bb-ct-1.jpg?crop=center&height=2048&v=1713299342&width=2048', 'https://store.leibal.com/cdn/shop/files/bb-ct-2.jpg?crop=center&height=2048&v=1713299342&width=2048', 'CORPUS STUDIO', '16-20 Weeks', '2025-06-21 16:33:49', 'enable'),
(28, 'NM21', 'The NM21 Dining Table, designed by NM3 in Milan in 2022, is available in 1.5mm BA inox steel, 1.5mm Scotchbrite inox steel, 1.5mm Zinc plated iron and is also available in powder-coated with RAL. The NM21 features a minimalist, linear form achieved through 2D numerical control cutting and dry assembly. Its design emphasizes geometric precision and functional simplicity, with untreated surfaces that highlight the raw qualities of the material. The NM21 is made to order within a 10–12 week lead time and is produced exclusively in Italy, specifically within Milan’s local supply chain. NM3’s production approach prioritizes sustainability through the use of 100% recyclable materials and small-batch manufacturing to prevent overproduction. The robust metal construction reflects a focus on durability, intended to ensure long-term use.', 10200.00, NULL, 'tables', 'https://store.leibal.com/cdn/shop/files/nm21-1.jpg?crop=center&height=2048&v=1742413740&width=2048', 'https://store.leibal.com/cdn/shop/files/nm21-2.jpg?crop=center&height=2048&v=1742413740&width=2048', 'NM3', '10-12 Weeks', '2025-06-21 16:33:49', 'enable'),
(29, 'THEWALL#07', 'Inspired by stories of China\'s border architecture, this series continues the exploration begun in the Chinese Architecture Memory collection from 2020. The collection draws on the concept of a wall—a structure that both separates and connects, symbolizing the attraction and friction between differing entities. Borders between kingdoms become places where civilizations confront and merge.', 9145.00, NULL, 'tables', 'https://store.leibal.com/cdn/shop/files/the-wall-07-01.jpg?crop=center&height=2048&v=1724704828&width=2048', 'https://store.leibal.com/cdn/shop/files/thewall_07-2_PhotographyfromSINGCHAN.jpg?crop=center&height=2048&v=1724704829&width=2048', 'Sing Chan', '6-8 Weeks', '2025-06-21 16:33:49', 'enable'),
(30, 'Beam Desk', 'Beams is inspired by the use of structural supports in architectural buildings, further contextualized within the structures they inhabit. The Beam Chair features precisely angled I-beams and laser cut aluminum sheets. The surface is treated with a waxed finish, balancing a sense of rigid industrialism with utility. Edition of 5.', 6300.00, NULL, 'tables', 'https://store.leibal.com/cdn/shop/files/beam-desk-2.jpg?crop=center&height=2048&v=1728424349&width=2048', 'https://store.leibal.com/cdn/shop/files/beam-desk-2.jpg?crop=center&height=2048&v=1728424349&width=2048', 'Marquel Williams', ' 8-10 Weeks', '2025-06-21 16:33:49', 'enable'),
(31, 'Puffball Cloud Pendant', 'Designed for modern simplicity, Puffball seamlessly fits into a variety of environments. The elemental inspiration and material choices make it an appealing option for design professionals and architects seeking a minimal yet impactful lighting solution. Illuminate your space with Puffball, a collection that effortlessly integrates natural forms into functional and aesthetically pleasing lighting designs.', 17375.00, NULL, 'lighting', 'https://store.leibal.com/cdn/shop/files/puffball.jpg?crop=center&height=2048&v=1703898208&width=2048', 'https://store.leibal.com/cdn/shop/files/puffball-2.jpg?crop=center&height=2048&v=1703898208&width=2048', 'Matter Made', '10-12 Weeks', '2025-06-21 16:33:49', 'enable'),
(32, 'Variegated Berea Sandstone Lamp 1', 'The Variegated Berea Sandstone Lamp 1 is one of eleven unique editions within an exclusive collection curated by HB-AS, presenting their singular sandstone lighting fixtures in collaboration with Leibal. Crafted by San Francisco-based designers Hank Beyer and Alex Sizemore, these lamps reflect their dedication to craftsmanship and innovative material usage, echoing Leibal\'s commitment to minimalist design. This collection showcases years of exploration and experimentation with sandstone, salvaging artifacts from both ancient and modern processes to create sculptural luminaires. Each lamp, a collage of minimally modified parts, celebrates the distinct origins of its sandstone piece, imbued with a history spanning 350 million years. From the fine details to the dynamic textures produced by industrial processes, each lamp tells a unique story of time and transformation.', 8760.00, NULL, 'lighting', 'https://store.leibal.com/cdn/shop/files/HB-ASBereaSandstoneLamps11-1.jpg?crop=center&height=2048&v=1715824127&width=2048', 'https://store.leibal.com/cdn/shop/files/HB-ASBereaSandstoneLamps11-2.jpg?crop=center&height=2048&v=1715824127&width=2048', 'Leibal', '4-6 Weeks', '2025-06-21 16:33:49', 'enable'),
(33, 'Puffball Pendant', 'Designed for modern simplicity, Puffball seamlessly fits into a variety of environments. The elemental inspiration and material choices make it an appealing option for design professionals and architects seeking a minimal yet impactful lighting solution. Illuminate your space with Puffball, a collection that effortlessly integrates natural forms into functional and aesthetically pleasing lighting designs.', 8500.00, NULL, 'lighting', 'https://store.leibal.com/cdn/shop/files/puffball-pendant-lg.jpg?crop=center&height=2048&v=1704144082&width=2048', NULL, 'Matter Made', '8-10 Weeks', '2025-06-21 16:33:49', 'enable'),
(34, 'Berea Sandstone Lamp 10', 'The Berea Sandstone Lamp 10 is one of eleven unique editions within an exclusive collection curated by HB-AS, presenting their singular sandstone lighting fixtures in collaboration with Leibal. Crafted by San Francisco-based designers Hank Beyer and Alex Sizemore, these lamps reflect their dedication to craftsmanship and innovative material usage, echoing Leibal\'s commitment to minimalist design. This collection showcases years of exploration and experimentation with sandstone, salvaging artifacts from both ancient and modern processes to create sculptural luminaires. Each lamp, a collage of minimally modified parts, celebrates the distinct origins of its sandstone piece, imbued with a history spanning 350 million years. From the fine details to the dynamic textures produced by industrial processes, each lamp tells a unique story of time and transformation.', 5800.00, NULL, 'lighting', 'https://store.leibal.com/cdn/shop/files/HB-ASBereaSandstoneLamps10-1.jpg?crop=center&height=2048&v=1715823885&width=2048', 'https://store.leibal.com/cdn/shop/files/HB-ASBereaSandstoneLamps10-3.jpg?crop=center&height=2048&v=1715823924&width=2048', 'Leibal', '4-6 Weeks', '2025-06-21 16:33:49', 'enable'),
(35, 'Luce Orizzontale', 'The suspended lamp is composed of interconnected glass modules with lengths of 65.1 inches (S1), 81.5 inches (S2), and 98 inches (S3), accompanied by a 106.3-inch suspended power cable. These cylindrical, transparent glass modules are crafted through an artisanal process that involves pouring glass into a rotating mold. This results in an exclusive finish, making each piece unique. The internal structure is made of polished, extruded aluminum and is fitted with two linear LED modules for both direct and indirect downward lighting. These modules are easily removable for maintenance.', 7495.00, NULL, 'lighting', 'https://store.leibal.com/cdn/shop/products/S1-luce-orizzontale-still-01-1200px.jpg?crop=center&height=2048&v=1693845294&width=2048', 'https://store.leibal.com/cdn/shop/files/S1-luce-orizzontale-still-02-1200px.jpg?crop=center&height=2048&v=1693845302&width=2048', 'Flos', ' 0-2 Weeks', '2025-06-21 16:33:49', 'enable'),
(36, 'Puffball Table Lamp', 'The use of raw fiberglass and aluminum not only enhances the lamps\' durability but also contributes to the warm luminosity they emit. Designed for modern simplicity, Puffball effortlessly integrates into a range of environments. The elemental inspiration and choice of materials make it an appealing choice for design professionals and architects seeking a minimal yet impactful lighting solution. Illuminate your space with Puffball, a collection that captures the essence of natural forms while providing functional and aesthetically pleasing lighting.', 5470.00, NULL, 'lighting', 'https://store.leibal.com/cdn/shop/files/puff-table-1.jpg?crop=center&height=2048&v=1703796523&width=2048', 'https://store.leibal.com/cdn/shop/files/puff-table-2.jpg?crop=center&height=2048&v=1703796523&width=2048', 'Matter Made', '10-12 Weeks', '2025-06-21 16:33:49', 'enable'),
(37, 'OBJ-07 Wall Lamp', 'Manu Bañó\'s latest collection delves into the capabilities and boundaries of copper, crafted in the enchanting town of Santa Clara del Cobre, Michoacán, Mexico, renowned for its extensive goldsmith heritage and craftsmen skilled in creating diminutive copper items like pots and vessels.', 5000.00, NULL, 'lighting', 'https://store.leibal.com/cdn/shop/files/obj-07-2.jpg?crop=center&height=2048&v=1713811438&width=2048', 'https://store.leibal.com/cdn/shop/files/obj-07-1.jpg?crop=center&height=2048&v=1713811374&width=2048', 'Manu Bano', '10-12 Weeks', '2025-06-21 16:33:49', 'enable'),
(38, 'Taccia', 'The Castiglioni brothers consistently crafted designs that shifted our perceptions, and the Taccia is a brilliant illustration of this – resembling an inverted hanging lamp. Conceived by this renowned pair in 1962, the emblematic Taccia features a concave spun aluminum reflector with a matte white finish. Its illumination can be manually adjusted by repositioning the blown glass diffuser as needed. The base of this designer table lamp is crafted from extruded aluminum and is offered in either a matte black anodized or a natural sandblasted finish. The Taccia LED Table Lamp, with its glass diffuser, emits reflected light and is dimmable. This modern adjustable table lamp comes in black/anodized aluminum and offers two choices for its light source: HSGSR or a remote phosphor LED. The inspiration for the design: The industrial roots of Achille and Pier Giacomo Castiglioni shine through this creation, showcasing their minimalist approach to reimagining everyday objects.', 3825.00, NULL, 'lighting', 'https://store.leibal.com/cdn/shop/products/taccialarge-black.jpg?crop=center&height=2048&v=1691694598&width=2048', 'https://store.leibal.com/cdn/shop/products/tacciasmall-silver.jpg?crop=center&height=2048&v=1691685294&width=2048', 'Flos', '0-2 Weeks', '2025-06-21 16:33:49', 'enable'),
(39, 'OBJ-04 Shelf', 'Introducing OBJ-04, a modular shelving system designed from a single sheet of steel, commercially sourced and transformed through precise laser cutting to serve as a display for various objects. This system is crafted from hot rolled steel, retaining its natural imperfections and textures from the production process. It offers the versatility to expand both vertically and horizontally to any desired extent.', 9500.00, NULL, 'storage', 'https://store.leibal.com/cdn/shop/files/obj-4-1.jpg?crop=center&height=2048&v=1712099900&width=2048', 'https://store.leibal.com/cdn/shop/files/obj-4-2.jpg?crop=center&height=2048&v=1712099900&width=2048', 'Manu Bano', '10-12 Weeks', '2025-06-21 16:33:49', 'enable'),
(40, 'Eileen Bedside Table + Tray', 'Introducing the versatile Eileen Bedside Table + Tray: an ingenious fusion of a drawer and a detachable tray, designed to seamlessly accommodate your evolving requirements. Inspired by the concept of enjoying breakfast in bed or creating a cozy workspace within your sanctuary, this innovative piece effortlessly transforms to suit your needs. Simply detach the top section to use it as a convenient tray for any item, while the bottom part remains a functional drawer, ensuring practicality and style meet harmoniously in your bedroom space.', 4000.00, NULL, 'storage', 'https://store.leibal.com/cdn/shop/files/eileen-2.jpg?crop=center&height=2048&v=1715395088&width=2048', 'https://store.leibal.com/cdn/shop/files/eileen-1.jpg?crop=center&height=2048&v=1715395088&width=2048', 'Obstacles', '10-12 Weeks', '2025-06-21 16:33:49', 'enable'),
(41, 'USM Credenza E2', 'A timeless solution to your storage needs, this versatile credenza presents an elegant fusion of style and functionality. The design features four drop-down doors, each securing effortlessly with a simple coin-twist lock mechanism. This feature, alongside its inherent spaciousness, ensures that your storage necessities are met with convenience and security.', 3695.00, NULL, 'storage', 'https://store.leibal.com/cdn/shop/products/e2_pure_white_front.jpg?crop=center&height=2048&v=1685561141&width=2048', 'https://store.leibal.com/cdn/shop/files/e2_pure_white_back.jpg?crop=center&height=2048&v=1685561147&width=2048', 'USM', '8-10 Weeks', '2025-06-21 16:33:49', 'enable'),
(43, 'Rivet Case\r\n', 'The Rivet Case impresses with its robust and adaptable design. Whether positioned vertically or horizontally, it serves as a table, storage unit, or display area. Constructed through a riveting method ideal for creating right-angle joints between distinct, laser-cut raw aluminum sheets, the case is meticulously hand-assembled using a hammer in a unique cold-forming assembly process, a technique pioneered by designer Jonas Trampedach in 2011.', 1940.00, NULL, 'storage', 'https://store.leibal.com/cdn/shop/files/rivet-case_2.jpg?crop=center&height=2048&v=1689784903&width=2048', 'https://store.leibal.com/cdn/shop/files/rivet-case_1.jpg?crop=center&height=2048&v=1689784906&width=2048', 'Frama', '8-10 Weeks', '2025-06-21 16:33:49', 'enable'),
(44, 'Rivet Shelf', 'Each Rivet Shelf is meticulously hand-assembled, employing a hammer in a cold-forming assembly process. This technique, developed by designer Jonas Trampedach in 2011, speaks to the craftsmanship involved in its creation, imbuing each piece with individual charm. The Rivet Shelf serves as a multifunctional addition to any space, seamlessly merging utility with visual appeal. Its distinct design and handmade quality make it an excellent selection for design professionals and architects looking for a practical yet aesthetically pleasing storage and display soluti', 1100.00, NULL, 'storage', 'https://store.leibal.com/cdn/shop/files/rivetshelf2.jpg?crop=center&height=2048&v=1685488936&width=2048', 'https://store.leibal.com/cdn/shop/products/rivetshelf3.jpg?crop=center&height=2048&v=1571439762&width=2048', 'Frama', '2-4 Weeks', '2025-06-21 16:33:49', 'enable'),
(45, 'Bronze Casting Bowl', 'Ann Van Hoey, a celebrated ceramic artist, presents a collection that embodies the convergence of art and functionality, catering to the discerning tastes of design professionals and architects. Her transition from a twenty-year career to pursue ceramics has led to the creation of a unique ceramic language, deeply influenced by diverse cultures and local techniques.', 7950.00, NULL, 'accessories', 'https://store.leibal.com/cdn/shop/files/bronze-bowl-2.jpg?crop=center&height=2048&v=1705441863&width=2048', 'https://store.leibal.com/cdn/shop/files/bronze-bowl-1.jpg?crop=center&height=2048&v=1705441863&width=2048', 'whenobjectswork', ' 6-8 Weeks', '2025-06-21 16:33:49', 'enable'),
(46, 'Vase', 'Expertly crafted with a focus on minimalism, this architecturally inspired piece embodies both simplicity and sophistication. Renowned for a monastic yet elegantly intricate design, it presents a harmonious blend of space and material. Constructed from the finest quality solid walnut or German limestone, it showcases precision in every line and curve. Its minimalist aesthetic offers a soulful and refined touch, perfect for complementing modern interiors. Ideal for design professionals and architects, this piece not only stands as a testament to minimalist furniture but also as a versatile addition to any minimal interior. Embrace the essence of minimalist design with this exquisite piece, a true representation of refined simplicity and architectural elegance.', 1550.00, NULL, 'accessories', 'https://store.leibal.com/cdn/shop/files/vase-walnut-1.jpg?crop=center&height=2048&v=1705614537&width=2048', 'https://store.leibal.com/cdn/shop/files/vase-limtestone-2.jpg?crop=center&height=2048&v=1705614537&width=2048', 'whenobjectswork', '6-8 Weeks', '2025-06-21 16:33:49', 'enable'),
(47, 'Large Portal Vase', 'Crafted through meticulous hand-pressing techniques that introduce captivating deformations to their cylindrical shapes, these oversized Barro Preto vases form a unique series. Collaboratively created by designer Christian Haas and craftsman António Marques, this endeavor redefines the concept of \"hand-formed,\" resulting in a novel approach to shaping each vase into a one-of-a-kind piece.', 1200.00, NULL, 'accessories', 'https://store.leibal.com/cdn/shop/files/portal-2.jpg?crop=center&height=2048&v=1707531159&width=2048', 'https://store.leibal.com/cdn/shop/files/portal-1.jpg?crop=center&height=2048&v=1707531159&width=2048', 'Origin Made', '6-8 Weeks', '2025-06-21 16:33:49', 'enable'),
(48, 'Bowl', 'The bowl is a testament to Schuybroek\'s skill in blending monastic minimalism with a sophisticated, soulful touch. His designs are recognized for their rigorous and contextual approach, capturing the essence of space and materials in every detail. This product is not just a bowl; it\'s a key household object designed to evolve and mature with its environment, enhancing the minimalist interiors of design-conscious professionals and architects.', 1400.00, NULL, 'accessories', 'https://store.leibal.com/cdn/shop/files/bowl-lime-4.jpg?crop=center&height=2048&v=1705695003&width=2048', 'https://store.leibal.com/cdn/shop/files/bowl-black-1.jpg?crop=center&height=2048&v=1705695011&width=2048', 'whenobjectswork', '6-8 Weeks', '2025-06-21 16:33:49', 'enable'),
(49, 'Flight Sculpture', 'Building upon the Ark series, these miniature stoneware sculptures bring together a trio of elements: the transformation of classical architecture into contemporary design, the meticulous craftsmanship of skilled stonemasons who hand-polish intricate details, and the natural beauty of raw travertine stone. The unique geological patterns found in travertine ensure that each sculpture is distinct. In the Spiral sculpture, the continuous horizontal lines merge into a gracefully ascending curve, offering a poetic contrast to the Flight sculpture, which showcases a commitment to straight lines.', 1140.00, NULL, 'accessories', 'https://store.leibal.com/cdn/shop/files/flight_4.jpg?crop=center&height=2048&v=1707775242&width=2048', 'https://store.leibal.com/cdn/shop/files/flight_1.jpg?crop=center&height=2048&v=1707775242&width=2048', 'Origin Made', '4-6 Weeks', '2025-06-21 16:33:49', 'enable'),
(50, 'Double Tray\r\n', 'Introducing the Double Tray by John Pawson, a testament to minimalist elegance and functionality. Crafted with exceptional skill, this piece originates from John Pawson\'s design for a new Cistercian monastery in Bohemia. It embodies the essence of minimalist design, with its roots in the creation of essential dining equipment for the monastery\'s refectory. This solid oak double tray, a highlight of the collection, is notable for its versatility. The two separate trays can be used independently, offering flexibility in use. Their design is not just about aesthetic appeal but also about enhancing the dining experience.', 1100.00, NULL, 'accessories', 'https://store.leibal.com/cdn/shop/files/double-tray-3.jpg?crop=center&height=2048&v=1705973769&width=2048', 'https://store.leibal.com/cdn/shop/files/double-tray-1.jpg?crop=center&height=2048&v=1705973769&width=2048', 'whenobjectswork', '6-8 Weeks', '2025-06-21 16:33:49', 'enable'),
(51, 'MATUREWARE Lever Handle - Curved\r\n', 'Crafted to emphasize the beauty of minimalist design, our MATUREWARE Lever Handles redefine the elegance of door hardware. Each handle, expertly cast in solid brass, is an embodiment of minimalist aesthetics and functionality. The set offers versatility with three distinct plate designs - Circle, Hexagon, and Square - allowing for 12 unique combinations to suit any minimalist interior. The lever handles come with a high-quality passage mortise kit, developed by a leading Japanese lock manufacturer. This kit ensures durability and stability, perfectly complementing the solid brass handles for long-lasting use. ', 895.00, NULL, 'accessories', 'https://store.leibal.com/cdn/shop/files/knob-curve-circle.jpg?crop=center&height=2048&v=1704311997&width=2048', 'https://store.leibal.com/cdn/shop/files/knob-curve-hexagon.jpg?crop=center&height=2048&v=1704312151&width=2048', 'Futagami', '4-6 Weeks', '2025-06-21 16:33:49', 'enable'),
(52, 'Bookends', 'Designed for those who appreciate the evolution of objects within a space, these book-ends develop a unique patina over time, ensuring that each piece matures and integrates seamlessly into its surroundings. Perfect for design professionals and architects who value minimalist furniture that resonates with both functionality and elegance, these book-ends are an epitome of Schuybroek\'s philosophy: embracing simplicity and warmth in every design.', 600.00, NULL, 'accessories', 'https://store.leibal.com/cdn/shop/files/bookend-2.jpg?crop=center&height=2048&v=1705694185&width=2048', 'https://store.leibal.com/cdn/shop/files/bookend-1.jpg?crop=center&height=2048&v=1705694184&width=2048', 'whenobjectswork', '6-8 Weeks', '2025-06-21 16:33:49', 'enable'),
(53, 'Sphere Oil Diffuser', 'The Sphere, a striking oil diffuser, draws its unique design inspiration from Marcel Duchamp’s ‘Rotoreliefs’, a renowned series of geometric sculptures crafted between 1924 and 1936. Constructed from high-quality steel, this spherical diffuser, when warmed by a tealight, gradually disperses the essential oils held within, elevating the olfactory ambiance of any space. Both decorative and functional, the Sphere enriches the environment by creating an inviting and soothing atmosphere. Alongside the Sphere, comes the Beratan Essential Oil Dropper in a 10mL home fragrance edition.', 290.00, NULL, 'accessories', 'https://store.leibal.com/cdn/shop/files/Frama-Sphere-Oil-Diffuser-1.jpg?crop=center&height=2048&v=1689729561&width=2048', 'https://store.leibal.com/cdn/shop/files/Frama-Sphere-Oil-Diffuser-9.jpg?crop=center&height=2048&v=1689729562&width=2048', 'Frama', '2-4 Weeks', '2025-06-21 16:33:49', 'enable'),
(54, 'Ceramic Orchid Pot', 'Handcrafted by talented ceramic artisans in Europe, the Black Ceramic Orchid Pot is a one-of-a-kind creation, individually made and varying slightly in size. This exquisite vessel is meticulously crafted to accommodate orchids and an array of plants with elegance. Each piece is unique due to its handmade nature, boasting a water-resistant glazed finish. We recommend hand washing for optimal care.', 248.00, NULL, 'accessories', 'https://store.leibal.com/cdn/shop/files/orchid-pot-black-2.jpg?crop=center&height=2048&v=1720213304&width=2048', 'https://store.leibal.com/cdn/shop/files/orchid-pot-black-1.jpg?crop=center&height=2048&v=1720213305&width=2048', 'Devon Liedtke', '2-4 Weeks', '2025-06-21 16:33:49', 'enable'),
(55, 'Offcut 01', 'Lærke Ryom\' Offcut Collection explores the aesthetics of end grain and is made with the intention of emphasizing the potential of the byproduct from Dinesen’s flooring production. The rhythmic shapes, characterizing the fourteen objects, originates from the existing width and sizes determined by the production. Considering the patterning appearing when offsetting and stacking material elements, the collection pays tribute to the natural ornamentation of the grain. Both shape and ornament thereby originate from the material itself, offering a new aesthetic perspective and experience of the familiar material. Offcut Collection is made of Douglas offcuts kindly granted by Dinesen.', 2600.00, NULL, 'tables', 'https://store.leibal.com/cdn/shop/files/offcut-1.jpg?crop=center&height=2048&v=1698576683&width=2048', 'https://store.leibal.com/cdn/shop/files/offcut-2.jpg?crop=center&height=2048&v=1698576682&width=2048', 'Lærke Ryom', '2-4 Weeks', '2025-06-21 16:33:49', 'enable'),
(56, 'PK61', 'The PK61™ Coffee Table is an emblem of Poul Kjærholm\'s minimalist design philosophy. Embodying a square aesthetic design, this table is a powerful testament to Kjærholm\'s evolution from an industrial designer to an acclaimed furniture architect. Minimalist yet impactful, the PK61™ showcases the power of simplicity in design. Its square form and sleek lines are a visual distillation of Kjærholm\'s approach to furniture design, where every element serves a purpose and nothing is superfluous. The PK61™ Coffee Table, while serving its primary function, also acts as a design manifesto, showcasing Kjærholm\'s distinct design principles.', 6256.00, NULL, 'tables', 'https://store.leibal.com/cdn/shop/files/pk61-glass.jpg?crop=center&height=2048&v=1685323681&width=2048', 'https://store.leibal.com/cdn/shop/files/pk61-white.jpg?crop=center&height=2048&v=1685323681&width=2048', 'Fritz Hansen', '10-12 Weeks', '2025-06-21 16:33:49', 'enable'),
(559, 'ARV Dining Chair with Armrest - Woven', 'The award-winning Arv chair draws on the classic virtues of Danish Modern design with timeless qualities, yet it has the spirit of a new generation. The conceptual design feature is a ‘branch’ formation that organically connects the different parts – like branches growing from a tree trunk. Originally designed for Noma Restaurant in Copenhagen, David Thulstrup created the ARV collection to compliment the spirit of the space.', 1960.00, NULL, 'seating', 'https://store.leibal.com/cdn/shop/products/woven_arm_whiteoak.jpg?crop=center&height=2048&v=1687100311&width=2048', 'https://store.leibal.com/cdn/shop/files/back_woven_whiteoak.jpg?crop=center&height=2048&v=1687101963&width=2048', 'Brdr. Krüger', '12-14 Weeks', '2025-06-22 12:30:27', 'enable'),
(561, 'NM02', 'The NM02 Coffee Table, designed by NM3 in Milan in 2022, is constructed from stainless steel and is available in 3mm BA inox steel, 3mm hot rolled black iron, 3mm pickled iron, or powder-coated with custom RAL finishes. The NM02 features a minimalist, linear form achieved through 2D numerical control cutting and dry assembly. Its design emphasizes geometric precision and functional simplicity, with untreated surfaces that highlight the raw qualities of the material. The NM02 is made to order within a 10–12 week lead time and is produced exclusively in Italy, specifically within Milan’s local supply chain. NM3’s production approach prioritizes sustainability through the use of 100% recyclable materials and small-batch manufacturing to prevent overproduction. The robust metal construction reflects a focus on durability, intended to ensure long-term use.', 2860.00, NULL, 'tables', 'https://store.leibal.com/cdn/shop/files/nm02.jpg?crop=center&height=2048&v=1739936390&width=2048', 'https://store.leibal.com/cdn/shop/files/nm02-3.jpg?crop=center&height=2048&v=1739936559&width=2048', 'NM3', '10-12 Weeks', '2025-06-23 20:35:23', 'enable'),
(562, 'Primitive Structure', 'Primitive Structure is Michael Anastassiades’ first task light. Simply stacked in a T-shape are two geometric rectangular forms of black anodized aluminum. The point where they rest is the point of rotation allowing for a sequence of dimmable light that alternates on a 180 degree pivot. The task light is wireless allowing the user the flexibility of placing it in any possible location. This lamp has a battery life of eight hours and can be recharged by USB.', 3629.00, NULL, 'lighting', 'https://store.leibal.com/cdn/shop/products/2_f94d05a0-cf1d-46d8-ae88-d673ea035fd4.jpg?crop=center&height=2048&v=1573771680&width=2048', 'https://store.leibal.com/cdn/shop/products/3_a193e190-5d5e-43e8-8962-78ba6cefb10c.jpg?crop=center&height=2048&v=1573771644&width=2048', 'Michael Anastassiades', '10-12 Weeks', '2025-06-23 22:41:21', 'enable'),
(569, 'Puru Side Table', 'The Puru Side Table embodies the elegance of simplicity, using only two elements represented by two distinct materials - wood and stainless steel. Inspired by the Japanese concept of \'Puru\', meaning \'pool\', the table showcases a unique interplay of materials, the waxed white oak contrasting beautifully against the polished stainless steel. The combination of these materials creates a mirror-like effect, symbolically reflecting each element\'s dependency on the other. The polished stainless steel provides a sleek and modern base, while the waxed white oak top offers a warm and organic touch, the juxtaposition creating an intriguing visual appeal.\n\nThe Puru Side Table is more than a functional piece of furniture; it\'s a manifestation of minimalist beauty and harmonious material coexistence. The design encapsulates a philosophy of simplicity, echoing the need for balance and symbiosis in design. For design professionals and architects, the Puru Side Table is a testament to the power of minimalistic design and the careful selection of materials. Whether integrated into a contemporary setting or a more traditional interior, the Puru Side Table brings a harmonious balance and simplistic elegance to any space. It\'s not just a side table; it\'s a piece of design philosophy encapsulated in wood and steel.', 2700.00, 20.00, 'tables', 'https://store.leibal.com/cdn/shop/products/gallery1_7bad894a-8c94-44cd-8284-c8462b867729.jpg?crop=center&height=2048&v=1571439757&width=2048', 'https://store.leibal.com/cdn/shop/products/gallery3_9b01d499-a91e-4ac1-a6f8-7e09f7ddd6a6.jpg?crop=center&height=2048&v=1571439757&width=2048', 'Estudio Persona', '6-8 Weeks', '2025-06-25 20:21:21', 'enable');

-- --------------------------------------------------------

--
-- Table structure for table `product_sales_history`
--

CREATE TABLE `product_sales_history` (
  `id` int(11) NOT NULL,
  `product_id` int(11) NOT NULL,
  `year` int(11) NOT NULL,
  `month` int(11) NOT NULL,
  `units_sold` int(11) NOT NULL,
  `created_at` timestamp NOT NULL DEFAULT current_timestamp()
) ENGINE=InnoDB DEFAULT CHARSET=utf8 COLLATE=utf8_general_ci;

--
-- Dumping data for table `product_sales_history`
--

INSERT INTO `product_sales_history` (`id`, `product_id`, `year`, `month`, `units_sold`, `created_at`) VALUES
(1394, 2, 2024, 1, 1, '2025-06-24 11:56:56'),
(1395, 3, 2024, 1, 3, '2025-06-24 11:56:56'),
(1396, 4, 2024, 1, 4, '2025-06-24 11:56:56'),
(1397, 5, 2024, 1, 5, '2025-06-24 11:56:56'),
(1398, 6, 2024, 1, 3, '2025-06-24 11:56:56'),
(1399, 7, 2024, 1, 4, '2025-06-24 11:56:56'),
(1400, 8, 2024, 1, 6, '2025-06-24 11:56:56'),
(1401, 9, 2024, 1, 4, '2025-06-24 11:56:56'),
(1402, 10, 2024, 1, 5, '2025-06-24 11:56:56'),
(1403, 11, 2024, 1, 4, '2025-06-24 11:56:56'),
(1404, 12, 2024, 1, 7, '2025-06-24 11:56:56'),
(1405, 25, 2024, 1, 1, '2025-06-24 11:56:56'),
(1406, 26, 2024, 1, 3, '2025-06-24 11:56:56'),
(1407, 27, 2024, 1, 3, '2025-06-24 11:56:56'),
(1408, 28, 2024, 1, 3, '2025-06-24 11:56:56'),
(1409, 29, 2024, 1, 5, '2025-06-24 11:56:56'),
(1410, 30, 2024, 1, 6, '2025-06-24 11:56:56'),
(1411, 31, 2024, 1, 3, '2025-06-24 11:56:56'),
(1412, 32, 2024, 1, 4, '2025-06-24 11:56:56'),
(1413, 33, 2024, 1, 2, '2025-06-24 11:56:56'),
(1414, 34, 2024, 1, 3, '2025-06-24 11:56:56'),
(1415, 35, 2024, 1, 4, '2025-06-24 11:56:56'),
(1416, 36, 2024, 1, 6, '2025-06-24 11:56:56'),
(1417, 37, 2024, 1, 4, '2025-06-24 11:56:56'),
(1418, 38, 2024, 1, 7, '2025-06-24 11:56:56'),
(1419, 39, 2024, 1, 2, '2025-06-24 11:56:56'),
(1420, 40, 2024, 1, 6, '2025-06-24 11:56:56'),
(1421, 41, 2024, 1, 8, '2025-06-24 11:56:56'),
(1423, 43, 2024, 1, 7, '2025-06-24 11:56:56'),
(1424, 44, 2024, 1, 5, '2025-06-24 11:56:56'),
(1425, 45, 2024, 1, 3, '2025-06-24 11:56:56'),
(1426, 46, 2024, 1, 5, '2025-06-24 11:56:56'),
(1427, 47, 2024, 1, 9, '2025-06-24 11:56:56'),
(1428, 48, 2024, 1, 5, '2025-06-24 11:56:56'),
(1429, 49, 2024, 1, 5, '2025-06-24 11:56:56'),
(1430, 50, 2024, 1, 9, '2025-06-24 11:56:56'),
(1431, 51, 2024, 1, 13, '2025-06-24 11:56:56'),
(1432, 52, 2024, 1, 15, '2025-06-24 11:56:56'),
(1433, 53, 2024, 1, 13, '2025-06-24 11:56:56'),
(1434, 54, 2024, 1, 14, '2025-06-24 11:56:56'),
(1435, 55, 2024, 1, 4, '2025-06-24 11:56:56'),
(1436, 56, 2024, 1, 6, '2025-06-24 11:56:56'),
(1438, 559, 2024, 1, 5, '2025-06-24 11:56:56'),
(1439, 561, 2024, 1, 7, '2025-06-24 11:56:56'),
(1440, 562, 2024, 1, 6, '2025-06-24 11:56:56'),
(1443, 2, 2024, 2, 3, '2025-06-24 11:56:56'),
(1444, 3, 2024, 2, 3, '2025-06-24 11:56:56'),
(1445, 4, 2024, 2, 2, '2025-06-24 11:56:56'),
(1446, 5, 2024, 2, 2, '2025-06-24 11:56:56'),
(1447, 6, 2024, 2, 4, '2025-06-24 11:56:56'),
(1448, 7, 2024, 2, 5, '2025-06-24 11:56:56'),
(1449, 8, 2024, 2, 4, '2025-06-24 11:56:56'),
(1450, 9, 2024, 2, 6, '2025-06-24 11:56:56'),
(1451, 10, 2024, 2, 6, '2025-06-24 11:56:56'),
(1452, 11, 2024, 2, 3, '2025-06-24 11:56:56'),
(1453, 12, 2024, 2, 4, '2025-06-24 11:56:56'),
(1454, 25, 2024, 2, 3, '2025-06-24 11:56:56'),
(1455, 26, 2024, 2, 1, '2025-06-24 11:56:56'),
(1456, 27, 2024, 2, 2, '2025-06-24 11:56:56'),
(1457, 28, 2024, 2, 4, '2025-06-24 11:56:56'),
(1458, 29, 2024, 2, 4, '2025-06-24 11:56:56'),
(1459, 30, 2024, 2, 3, '2025-06-24 11:56:56'),
(1460, 31, 2024, 2, 1, '2025-06-24 11:56:56'),
(1461, 32, 2024, 2, 3, '2025-06-24 11:56:56'),
(1462, 33, 2024, 2, 5, '2025-06-24 11:56:56'),
(1463, 34, 2024, 2, 4, '2025-06-24 11:56:56'),
(1464, 35, 2024, 2, 5, '2025-06-24 11:56:56'),
(1465, 36, 2024, 2, 5, '2025-06-24 11:56:56'),
(1466, 37, 2024, 2, 5, '2025-06-24 11:56:56'),
(1467, 38, 2024, 2, 8, '2025-06-24 11:56:56'),
(1468, 39, 2024, 2, 2, '2025-06-24 11:56:56'),
(1469, 40, 2024, 2, 4, '2025-06-24 11:56:56'),
(1470, 41, 2024, 2, 7, '2025-06-24 11:56:56'),
(1472, 43, 2024, 2, 10, '2025-06-24 11:56:56'),
(1473, 44, 2024, 2, 7, '2025-06-24 11:56:56'),
(1474, 45, 2024, 2, 3, '2025-06-24 11:56:56'),
(1475, 46, 2024, 2, 10, '2025-06-24 11:56:56'),
(1476, 47, 2024, 2, 6, '2025-06-24 11:56:56'),
(1477, 48, 2024, 2, 9, '2025-06-24 11:56:56'),
(1478, 49, 2024, 2, 7, '2025-06-24 11:56:56'),
(1479, 50, 2024, 2, 9, '2025-06-24 11:56:56'),
(1480, 51, 2024, 2, 11, '2025-06-24 11:56:56'),
(1481, 52, 2024, 2, 10, '2025-06-24 11:56:56'),
(1482, 53, 2024, 2, 14, '2025-06-24 11:56:56'),
(1483, 54, 2024, 2, 9, '2025-06-24 11:56:56'),
(1484, 55, 2024, 2, 6, '2025-06-24 11:56:56'),
(1485, 56, 2024, 2, 3, '2025-06-24 11:56:56'),
(1487, 559, 2024, 2, 10, '2025-06-24 11:56:56'),
(1488, 561, 2024, 2, 6, '2025-06-24 11:56:56'),
(1489, 562, 2024, 2, 4, '2025-06-24 11:56:56'),
(1492, 2, 2024, 3, 2, '2025-06-24 11:56:56'),
(1493, 3, 2024, 3, 3, '2025-06-24 11:56:56'),
(1494, 4, 2024, 3, 2, '2025-06-24 11:56:56'),
(1495, 5, 2024, 3, 5, '2025-06-24 11:56:56'),
(1496, 6, 2024, 3, 5, '2025-06-24 11:56:56'),
(1497, 7, 2024, 3, 6, '2025-06-24 11:56:56'),
(1498, 8, 2024, 3, 6, '2025-06-24 11:56:56'),
(1499, 9, 2024, 3, 3, '2025-06-24 11:56:56'),
(1500, 10, 2024, 3, 3, '2025-06-24 11:56:56'),
(1501, 11, 2024, 3, 5, '2025-06-24 11:56:56'),
(1502, 12, 2024, 3, 6, '2025-06-24 11:56:56'),
(1503, 25, 2024, 3, 1, '2025-06-24 11:56:56'),
(1504, 26, 2024, 3, 3, '2025-06-24 11:56:56'),
(1505, 27, 2024, 3, 4, '2025-06-24 11:56:56'),
(1506, 28, 2024, 3, 2, '2025-06-24 11:56:56'),
(1507, 29, 2024, 3, 5, '2025-06-24 11:56:56'),
(1508, 30, 2024, 3, 3, '2025-06-24 11:56:56'),
(1509, 31, 2024, 3, 3, '2025-06-24 11:56:56'),
(1510, 32, 2024, 3, 4, '2025-06-24 11:56:56'),
(1511, 33, 2024, 3, 3, '2025-06-24 11:56:56'),
(1512, 34, 2024, 3, 5, '2025-06-24 11:56:56'),
(1513, 35, 2024, 3, 3, '2025-06-24 11:56:56'),
(1514, 36, 2024, 3, 4, '2025-06-24 11:56:56'),
(1515, 37, 2024, 3, 5, '2025-06-24 11:56:56'),
(1516, 38, 2024, 3, 4, '2025-06-24 11:56:56'),
(1517, 39, 2024, 3, 3, '2025-06-24 11:56:56'),
(1518, 40, 2024, 3, 7, '2025-06-24 11:56:56'),
(1519, 41, 2024, 3, 7, '2025-06-24 11:56:56'),
(1521, 43, 2024, 3, 10, '2025-06-24 11:56:56'),
(1522, 44, 2024, 3, 5, '2025-06-24 11:56:56'),
(1523, 45, 2024, 3, 6, '2025-06-24 11:56:56'),
(1524, 46, 2024, 3, 10, '2025-06-24 11:56:56'),
(1525, 47, 2024, 3, 5, '2025-06-24 11:56:56'),
(1526, 48, 2024, 3, 9, '2025-06-24 11:56:56'),
(1527, 49, 2024, 3, 9, '2025-06-24 11:56:56'),
(1528, 50, 2024, 3, 8, '2025-06-24 11:56:56'),
(1529, 51, 2024, 3, 15, '2025-06-24 11:56:56'),
(1530, 52, 2024, 3, 13, '2025-06-24 11:56:56'),
(1531, 53, 2024, 3, 11, '2025-06-24 11:56:56'),
(1532, 54, 2024, 3, 15, '2025-06-24 11:56:56'),
(1533, 55, 2024, 3, 6, '2025-06-24 11:56:56'),
(1534, 56, 2024, 3, 3, '2025-06-24 11:56:56'),
(1536, 559, 2024, 3, 10, '2025-06-24 11:56:56'),
(1537, 561, 2024, 3, 8, '2025-06-24 11:56:56'),
(1538, 562, 2024, 3, 6, '2025-06-24 11:56:56'),
(1541, 2, 2024, 4, 3, '2025-06-24 11:56:56'),
(1542, 3, 2024, 4, 1, '2025-06-24 11:56:56'),
(1543, 4, 2024, 4, 5, '2025-06-24 11:56:56'),
(1544, 5, 2024, 4, 4, '2025-06-24 11:56:56'),
(1545, 6, 2024, 4, 5, '2025-06-24 11:56:56'),
(1546, 7, 2024, 4, 5, '2025-06-24 11:56:56'),
(1547, 8, 2024, 4, 3, '2025-06-24 11:56:56'),
(1548, 9, 2024, 4, 6, '2025-06-24 11:56:56'),
(1549, 10, 2024, 4, 5, '2025-06-24 11:56:56'),
(1550, 11, 2024, 4, 3, '2025-06-24 11:56:56'),
(1551, 12, 2024, 4, 5, '2025-06-24 11:56:56'),
(1552, 25, 2024, 4, 3, '2025-06-24 11:56:56'),
(1553, 26, 2024, 4, 1, '2025-06-24 11:56:56'),
(1554, 27, 2024, 4, 5, '2025-06-24 11:56:56'),
(1555, 28, 2024, 4, 4, '2025-06-24 11:56:56'),
(1556, 29, 2024, 4, 2, '2025-06-24 11:56:56'),
(1557, 30, 2024, 4, 3, '2025-06-24 11:56:56'),
(1558, 31, 2024, 4, 1, '2025-06-24 11:56:56'),
(1559, 32, 2024, 4, 3, '2025-06-24 11:56:56'),
(1560, 33, 2024, 4, 5, '2025-06-24 11:56:56'),
(1561, 34, 2024, 4, 4, '2025-06-24 11:56:56'),
(1562, 35, 2024, 4, 5, '2025-06-24 11:56:56'),
(1563, 36, 2024, 4, 4, '2025-06-24 11:56:56'),
(1564, 37, 2024, 4, 5, '2025-06-24 11:56:56'),
(1565, 38, 2024, 4, 8, '2025-06-24 11:56:56'),
(1566, 39, 2024, 4, 5, '2025-06-24 11:56:56'),
(1567, 40, 2024, 4, 6, '2025-06-24 11:56:56'),
(1568, 41, 2024, 4, 7, '2025-06-24 11:56:56'),
(1570, 43, 2024, 4, 8, '2025-06-24 11:56:56'),
(1571, 44, 2024, 4, 5, '2025-06-24 11:56:56'),
(1572, 45, 2024, 4, 4, '2025-06-24 11:56:56'),
(1573, 46, 2024, 4, 5, '2025-06-24 11:56:56'),
(1574, 47, 2024, 4, 6, '2025-06-24 11:56:56'),
(1575, 48, 2024, 4, 7, '2025-06-24 11:56:56'),
(1576, 49, 2024, 4, 7, '2025-06-24 11:56:56'),
(1577, 50, 2024, 4, 7, '2025-06-24 11:56:56'),
(1578, 51, 2024, 4, 10, '2025-06-24 11:56:56'),
(1579, 52, 2024, 4, 11, '2025-06-24 11:56:56'),
(1580, 53, 2024, 4, 13, '2025-06-24 11:56:56'),
(1581, 54, 2024, 4, 9, '2025-06-24 11:56:56'),
(1582, 55, 2024, 4, 6, '2025-06-24 11:56:56'),
(1583, 56, 2024, 4, 4, '2025-06-24 11:56:56'),
(1585, 559, 2024, 4, 9, '2025-06-24 11:56:56'),
(1586, 561, 2024, 4, 4, '2025-06-24 11:56:56'),
(1587, 562, 2024, 4, 4, '2025-06-24 11:56:56'),
(1590, 2, 2024, 5, 1, '2025-06-24 11:56:56'),
(1591, 3, 2024, 5, 1, '2025-06-24 11:56:56'),
(1592, 4, 2024, 5, 2, '2025-06-24 11:56:56'),
(1593, 5, 2024, 5, 4, '2025-06-24 11:56:56'),
(1594, 6, 2024, 5, 3, '2025-06-24 11:56:56'),
(1595, 7, 2024, 5, 3, '2025-06-24 11:56:56'),
(1596, 8, 2024, 5, 5, '2025-06-24 11:56:56'),
(1597, 9, 2024, 5, 4, '2025-06-24 11:56:56'),
(1598, 10, 2024, 5, 5, '2025-06-24 11:56:56'),
(1599, 11, 2024, 5, 6, '2025-06-24 11:56:56'),
(1600, 12, 2024, 5, 6, '2025-06-24 11:56:56'),
(1601, 25, 2024, 5, 3, '2025-06-24 11:56:56'),
(1602, 26, 2024, 5, 1, '2025-06-24 11:56:56'),
(1603, 27, 2024, 5, 5, '2025-06-24 11:56:56'),
(1604, 28, 2024, 5, 5, '2025-06-24 11:56:56'),
(1605, 29, 2024, 5, 3, '2025-06-24 11:56:56'),
(1606, 30, 2024, 5, 6, '2025-06-24 11:56:56'),
(1607, 31, 2024, 5, 1, '2025-06-24 11:56:56'),
(1608, 32, 2024, 5, 4, '2025-06-24 11:56:56'),
(1609, 33, 2024, 5, 4, '2025-06-24 11:56:56'),
(1610, 34, 2024, 5, 6, '2025-06-24 11:56:56'),
(1611, 35, 2024, 5, 3, '2025-06-24 11:56:56'),
(1612, 36, 2024, 5, 5, '2025-06-24 11:56:56'),
(1613, 37, 2024, 5, 4, '2025-06-24 11:56:56'),
(1614, 38, 2024, 5, 5, '2025-06-24 11:56:56'),
(1615, 39, 2024, 5, 4, '2025-06-24 11:56:56'),
(1616, 40, 2024, 5, 8, '2025-06-24 11:56:56'),
(1617, 41, 2024, 5, 4, '2025-06-24 11:56:56'),
(1619, 43, 2024, 5, 9, '2025-06-24 11:56:56'),
(1620, 44, 2024, 5, 9, '2025-06-24 11:56:56'),
(1621, 45, 2024, 5, 4, '2025-06-24 11:56:56'),
(1622, 46, 2024, 5, 6, '2025-06-24 11:56:56'),
(1623, 47, 2024, 5, 9, '2025-06-24 11:56:56'),
(1624, 48, 2024, 5, 5, '2025-06-24 11:56:56'),
(1625, 49, 2024, 5, 9, '2025-06-24 11:56:56'),
(1626, 50, 2024, 5, 6, '2025-06-24 11:56:56'),
(1627, 51, 2024, 5, 11, '2025-06-24 11:56:56'),
(1628, 52, 2024, 5, 11, '2025-06-24 11:56:56'),
(1629, 53, 2024, 5, 13, '2025-06-24 11:56:56'),
(1630, 54, 2024, 5, 11, '2025-06-24 11:56:56'),
(1631, 55, 2024, 5, 7, '2025-06-24 11:56:56'),
(1632, 56, 2024, 5, 4, '2025-06-24 11:56:56'),
(1634, 559, 2024, 5, 7, '2025-06-24 11:56:56'),
(1635, 561, 2024, 5, 8, '2025-06-24 11:56:56'),
(1636, 562, 2024, 5, 6, '2025-06-24 11:56:56'),
(1639, 2, 2024, 6, 3, '2025-06-24 11:56:56'),
(1640, 3, 2024, 6, 1, '2025-06-24 11:56:56'),
(1641, 4, 2024, 6, 3, '2025-06-24 11:56:56'),
(1642, 5, 2024, 6, 3, '2025-06-24 11:56:56'),
(1643, 6, 2024, 6, 5, '2025-06-24 11:56:56'),
(1644, 7, 2024, 6, 5, '2025-06-24 11:56:56'),
(1645, 8, 2024, 6, 6, '2025-06-24 11:56:56'),
(1646, 9, 2024, 6, 6, '2025-06-24 11:56:56'),
(1647, 10, 2024, 6, 5, '2025-06-24 11:56:56'),
(1648, 11, 2024, 6, 3, '2025-06-24 11:56:56'),
(1649, 12, 2024, 6, 8, '2025-06-24 11:56:56'),
(1650, 25, 2024, 6, 1, '2025-06-24 11:56:56'),
(1651, 26, 2024, 6, 1, '2025-06-24 11:56:56'),
(1652, 27, 2024, 6, 2, '2025-06-24 11:56:56'),
(1653, 28, 2024, 6, 4, '2025-06-24 11:56:56'),
(1654, 29, 2024, 6, 5, '2025-06-24 11:56:56'),
(1655, 30, 2024, 6, 6, '2025-06-24 11:56:56'),
(1656, 31, 2024, 6, 2, '2025-06-24 11:56:56'),
(1657, 32, 2024, 6, 4, '2025-06-24 11:56:56'),
(1658, 33, 2024, 6, 4, '2025-06-24 11:56:56'),
(1659, 34, 2024, 6, 5, '2025-06-24 11:56:56'),
(1660, 35, 2024, 6, 3, '2025-06-24 11:56:56'),
(1661, 36, 2024, 6, 3, '2025-06-24 11:56:56'),
(1662, 37, 2024, 6, 6, '2025-06-24 11:56:56'),
(1663, 38, 2024, 6, 5, '2025-06-24 11:56:56'),
(1664, 39, 2024, 6, 3, '2025-06-24 11:56:56'),
(1665, 40, 2024, 6, 7, '2025-06-24 11:56:56'),
(1666, 41, 2024, 6, 7, '2025-06-24 11:56:56'),
(1668, 43, 2024, 6, 5, '2025-06-24 11:56:56'),
(1669, 44, 2024, 6, 8, '2025-06-24 11:56:56'),
(1670, 45, 2024, 6, 6, '2025-06-24 11:56:56'),
(1671, 46, 2024, 6, 7, '2025-06-24 11:56:56'),
(1672, 47, 2024, 6, 8, '2025-06-24 11:56:56'),
(1673, 48, 2024, 6, 10, '2025-06-24 11:56:56'),
(1674, 49, 2024, 6, 7, '2025-06-24 11:56:56'),
(1675, 50, 2024, 6, 5, '2025-06-24 11:56:56'),
(1676, 51, 2024, 6, 13, '2025-06-24 11:56:56'),
(1677, 52, 2024, 6, 11, '2025-06-24 11:56:56'),
(1678, 53, 2024, 6, 11, '2025-06-24 11:56:56'),
(1679, 54, 2024, 6, 15, '2025-06-24 11:56:56'),
(1680, 55, 2024, 6, 6, '2025-06-24 11:56:56'),
(1681, 56, 2024, 6, 5, '2025-06-24 11:56:56'),
(1683, 559, 2024, 6, 10, '2025-06-24 11:56:56'),
(1684, 561, 2024, 6, 6, '2025-06-24 11:56:56'),
(1685, 562, 2024, 6, 8, '2025-06-24 11:56:56'),
(1688, 2, 2024, 7, 3, '2025-06-24 11:56:56'),
(1689, 3, 2024, 7, 2, '2025-06-24 11:56:56'),
(1690, 4, 2024, 7, 4, '2025-06-24 11:56:56'),
(1691, 5, 2024, 7, 2, '2025-06-24 11:56:56'),
(1692, 6, 2024, 7, 5, '2025-06-24 11:56:56'),
(1693, 7, 2024, 7, 6, '2025-06-24 11:56:56'),
(1694, 8, 2024, 7, 6, '2025-06-24 11:56:56'),
(1695, 9, 2024, 7, 6, '2025-06-24 11:56:56'),
(1696, 10, 2024, 7, 5, '2025-06-24 11:56:56'),
(1697, 11, 2024, 7, 3, '2025-06-24 11:56:56'),
(1698, 12, 2024, 7, 5, '2025-06-24 11:56:56'),
(1699, 25, 2024, 7, 1, '2025-06-24 11:56:56'),
(1700, 26, 2024, 7, 3, '2025-06-24 11:56:56'),
(1701, 27, 2024, 7, 3, '2025-06-24 11:56:56'),
(1702, 28, 2024, 7, 2, '2025-06-24 11:56:56'),
(1703, 29, 2024, 7, 5, '2025-06-24 11:56:56'),
(1704, 30, 2024, 7, 4, '2025-06-24 11:56:56'),
(1705, 31, 2024, 7, 2, '2025-06-24 11:56:56'),
(1706, 32, 2024, 7, 2, '2025-06-24 11:56:56'),
(1707, 33, 2024, 7, 3, '2025-06-24 11:56:56'),
(1708, 34, 2024, 7, 6, '2025-06-24 11:56:56'),
(1709, 35, 2024, 7, 3, '2025-06-24 11:56:56'),
(1710, 36, 2024, 7, 6, '2025-06-24 11:56:56'),
(1711, 37, 2024, 7, 4, '2025-06-24 11:56:56'),
(1712, 38, 2024, 7, 7, '2025-06-24 11:56:56'),
(1713, 39, 2024, 7, 5, '2025-06-24 11:56:56'),
(1714, 40, 2024, 7, 8, '2025-06-24 11:56:56'),
(1715, 41, 2024, 7, 4, '2025-06-24 11:56:56'),
(1717, 43, 2024, 7, 8, '2025-06-24 11:56:56'),
(1718, 44, 2024, 7, 9, '2025-06-24 11:56:56'),
(1719, 45, 2024, 7, 3, '2025-06-24 11:56:56'),
(1720, 46, 2024, 7, 9, '2025-06-24 11:56:56'),
(1721, 47, 2024, 7, 8, '2025-06-24 11:56:56'),
(1722, 48, 2024, 7, 10, '2025-06-24 11:56:56'),
(1723, 49, 2024, 7, 7, '2025-06-24 11:56:56'),
(1724, 50, 2024, 7, 8, '2025-06-24 11:56:56'),
(1725, 51, 2024, 7, 11, '2025-06-24 11:56:56'),
(1726, 52, 2024, 7, 9, '2025-06-24 11:56:56'),
(1727, 53, 2024, 7, 15, '2025-06-24 11:56:56'),
(1728, 54, 2024, 7, 9, '2025-06-24 11:56:56'),
(1729, 55, 2024, 7, 7, '2025-06-24 11:56:56'),
(1730, 56, 2024, 7, 4, '2025-06-24 11:56:56'),
(1732, 559, 2024, 7, 6, '2025-06-24 11:56:56'),
(1733, 561, 2024, 7, 8, '2025-06-24 11:56:56'),
(1734, 562, 2024, 7, 6, '2025-06-24 11:56:56'),
(1737, 2, 2024, 8, 2, '2025-06-24 11:56:56'),
(1738, 3, 2024, 8, 3, '2025-06-24 11:56:56'),
(1739, 4, 2024, 8, 3, '2025-06-24 11:56:56'),
(1740, 5, 2024, 8, 4, '2025-06-24 11:56:56'),
(1741, 6, 2024, 8, 5, '2025-06-24 11:56:56'),
(1742, 7, 2024, 8, 6, '2025-06-24 11:56:56'),
(1743, 8, 2024, 8, 4, '2025-06-24 11:56:56'),
(1744, 9, 2024, 8, 6, '2025-06-24 11:56:56'),
(1745, 10, 2024, 8, 6, '2025-06-24 11:56:56'),
(1746, 11, 2024, 8, 4, '2025-06-24 11:56:56'),
(1747, 12, 2024, 8, 4, '2025-06-24 11:56:56'),
(1748, 25, 2024, 8, 3, '2025-06-24 11:56:56'),
(1749, 26, 2024, 8, 1, '2025-06-24 11:56:56'),
(1750, 27, 2024, 8, 2, '2025-06-24 11:56:56'),
(1751, 28, 2024, 8, 4, '2025-06-24 11:56:56'),
(1752, 29, 2024, 8, 5, '2025-06-24 11:56:56'),
(1753, 30, 2024, 8, 4, '2025-06-24 11:56:56'),
(1754, 31, 2024, 8, 1, '2025-06-24 11:56:56'),
(1755, 32, 2024, 8, 3, '2025-06-24 11:56:56'),
(1756, 33, 2024, 8, 5, '2025-06-24 11:56:56'),
(1757, 34, 2024, 8, 5, '2025-06-24 11:56:56'),
(1758, 35, 2024, 8, 4, '2025-06-24 11:56:56'),
(1759, 36, 2024, 8, 6, '2025-06-24 11:56:56'),
(1760, 37, 2024, 8, 3, '2025-06-24 11:56:56'),
(1761, 38, 2024, 8, 6, '2025-06-24 11:56:56'),
(1762, 39, 2024, 8, 4, '2025-06-24 11:56:56'),
(1763, 40, 2024, 8, 4, '2025-06-24 11:56:56'),
(1764, 41, 2024, 8, 6, '2025-06-24 11:56:56'),
(1766, 43, 2024, 8, 9, '2025-06-24 11:56:56'),
(1767, 44, 2024, 8, 7, '2025-06-24 11:56:56'),
(1768, 45, 2024, 8, 3, '2025-06-24 11:56:56'),
(1769, 46, 2024, 8, 8, '2025-06-24 11:56:56'),
(1770, 47, 2024, 8, 6, '2025-06-24 11:56:56'),
(1771, 48, 2024, 8, 6, '2025-06-24 11:56:56'),
(1772, 49, 2024, 8, 9, '2025-06-24 11:56:56'),
(1773, 50, 2024, 8, 7, '2025-06-24 11:56:56'),
(1774, 51, 2024, 8, 11, '2025-06-24 11:56:56'),
(1775, 52, 2024, 8, 13, '2025-06-24 11:56:56'),
(1776, 53, 2024, 8, 12, '2025-06-24 11:56:56'),
(1777, 54, 2024, 8, 8, '2025-06-24 11:56:56'),
(1778, 55, 2024, 8, 7, '2025-06-24 11:56:56'),
(1779, 56, 2024, 8, 5, '2025-06-24 11:56:56'),
(1781, 559, 2024, 8, 7, '2025-06-24 11:56:56'),
(1782, 561, 2024, 8, 6, '2025-06-24 11:56:56'),
(1783, 562, 2024, 8, 5, '2025-06-24 11:56:56'),
(1786, 2, 2024, 9, 2, '2025-06-24 11:56:56'),
(1787, 3, 2024, 9, 1, '2025-06-24 11:56:56'),
(1788, 4, 2024, 9, 5, '2025-06-24 11:56:56'),
(1789, 5, 2024, 9, 2, '2025-06-24 11:56:56'),
(1790, 6, 2024, 9, 3, '2025-06-24 11:56:56'),
(1791, 7, 2024, 9, 3, '2025-06-24 11:56:56'),
(1792, 8, 2024, 9, 6, '2025-06-24 11:56:56'),
(1793, 9, 2024, 9, 5, '2025-06-24 11:56:56'),
(1794, 10, 2024, 9, 6, '2025-06-24 11:56:56'),
(1795, 11, 2024, 9, 4, '2025-06-24 11:56:56'),
(1796, 12, 2024, 9, 7, '2025-06-24 11:56:56'),
(1797, 25, 2024, 9, 1, '2025-06-24 11:56:56'),
(1798, 26, 2024, 9, 2, '2025-06-24 11:56:56'),
(1799, 27, 2024, 9, 3, '2025-06-24 11:56:56'),
(1800, 28, 2024, 9, 2, '2025-06-24 11:56:56'),
(1801, 29, 2024, 9, 2, '2025-06-24 11:56:56'),
(1802, 30, 2024, 9, 6, '2025-06-24 11:56:56'),
(1803, 31, 2024, 9, 2, '2025-06-24 11:56:56'),
(1804, 32, 2024, 9, 2, '2025-06-24 11:56:56'),
(1805, 33, 2024, 9, 2, '2025-06-24 11:56:56'),
(1806, 34, 2024, 9, 6, '2025-06-24 11:56:56'),
(1807, 35, 2024, 9, 3, '2025-06-24 11:56:56'),
(1808, 36, 2024, 9, 3, '2025-06-24 11:56:56'),
(1809, 37, 2024, 9, 4, '2025-06-24 11:56:56'),
(1810, 38, 2024, 9, 8, '2025-06-24 11:56:56'),
(1811, 39, 2024, 9, 3, '2025-06-24 11:56:56'),
(1812, 40, 2024, 9, 5, '2025-06-24 11:56:56'),
(1813, 41, 2024, 9, 4, '2025-06-24 11:56:56'),
(1815, 43, 2024, 9, 9, '2025-06-24 11:56:56'),
(1816, 44, 2024, 9, 6, '2025-06-24 11:56:56'),
(1817, 45, 2024, 9, 4, '2025-06-24 11:56:56'),
(1818, 46, 2024, 9, 5, '2025-06-24 11:56:56'),
(1819, 47, 2024, 9, 6, '2025-06-24 11:56:56'),
(1820, 48, 2024, 9, 9, '2025-06-24 11:56:56'),
(1821, 49, 2024, 9, 7, '2025-06-24 11:56:56'),
(1822, 50, 2024, 9, 5, '2025-06-24 11:56:56'),
(1823, 51, 2024, 9, 14, '2025-06-24 11:56:56'),
(1824, 52, 2024, 9, 10, '2025-06-24 11:56:56'),
(1825, 53, 2024, 9, 8, '2025-06-24 11:56:56'),
(1826, 54, 2024, 9, 15, '2025-06-24 11:56:56'),
(1827, 55, 2024, 9, 5, '2025-06-24 11:56:56'),
(1828, 56, 2024, 9, 4, '2025-06-24 11:56:56'),
(1830, 559, 2024, 9, 7, '2025-06-24 11:56:56'),
(1831, 561, 2024, 9, 5, '2025-06-24 11:56:56'),
(1832, 562, 2024, 9, 4, '2025-06-24 11:56:56'),
(1835, 2, 2024, 10, 3, '2025-06-24 11:56:56'),
(1836, 3, 2024, 10, 2, '2025-06-24 11:56:56'),
(1837, 4, 2024, 10, 2, '2025-06-24 11:56:56'),
(1838, 5, 2024, 10, 4, '2025-06-24 11:56:56'),
(1839, 6, 2024, 10, 2, '2025-06-24 11:56:56'),
(1840, 7, 2024, 10, 4, '2025-06-24 11:56:56'),
(1841, 8, 2024, 10, 6, '2025-06-24 11:56:56'),
(1842, 9, 2024, 10, 6, '2025-06-24 11:56:56'),
(1843, 10, 2024, 10, 6, '2025-06-24 11:56:56'),
(1844, 11, 2024, 10, 4, '2025-06-24 11:56:56'),
(1845, 12, 2024, 10, 5, '2025-06-24 11:56:56'),
(1846, 25, 2024, 10, 3, '2025-06-24 11:56:56'),
(1847, 26, 2024, 10, 3, '2025-06-24 11:56:56'),
(1848, 27, 2024, 10, 3, '2025-06-24 11:56:56'),
(1849, 28, 2024, 10, 3, '2025-06-24 11:56:56'),
(1850, 29, 2024, 10, 3, '2025-06-24 11:56:56'),
(1851, 30, 2024, 10, 5, '2025-06-24 11:56:56'),
(1852, 31, 2024, 10, 2, '2025-06-24 11:56:56'),
(1853, 32, 2024, 10, 5, '2025-06-24 11:56:56'),
(1854, 33, 2024, 10, 3, '2025-06-24 11:56:56'),
(1855, 34, 2024, 10, 5, '2025-06-24 11:56:56'),
(1856, 35, 2024, 10, 6, '2025-06-24 11:56:56'),
(1857, 36, 2024, 10, 6, '2025-06-24 11:56:56'),
(1858, 37, 2024, 10, 6, '2025-06-24 11:56:56'),
(1859, 38, 2024, 10, 5, '2025-06-24 11:56:56'),
(1860, 39, 2024, 10, 2, '2025-06-24 11:56:56'),
(1861, 40, 2024, 10, 4, '2025-06-24 11:56:56'),
(1862, 41, 2024, 10, 4, '2025-06-24 11:56:56'),
(1864, 43, 2024, 10, 7, '2025-06-24 11:56:56'),
(1865, 44, 2024, 10, 9, '2025-06-24 11:56:56'),
(1866, 45, 2024, 10, 4, '2025-06-24 11:56:56'),
(1867, 46, 2024, 10, 7, '2025-06-24 11:56:56'),
(1868, 47, 2024, 10, 9, '2025-06-24 11:56:56'),
(1869, 48, 2024, 10, 5, '2025-06-24 11:56:56'),
(1870, 49, 2024, 10, 7, '2025-06-24 11:56:56'),
(1871, 50, 2024, 10, 9, '2025-06-24 11:56:56'),
(1872, 51, 2024, 10, 9, '2025-06-24 11:56:56'),
(1873, 52, 2024, 10, 15, '2025-06-24 11:56:56'),
(1874, 53, 2024, 10, 9, '2025-06-24 11:56:56'),
(1875, 54, 2024, 10, 9, '2025-06-24 11:56:56'),
(1876, 55, 2024, 10, 6, '2025-06-24 11:56:56'),
(1877, 56, 2024, 10, 5, '2025-06-24 11:56:56'),
(1879, 559, 2024, 10, 8, '2025-06-24 11:56:56'),
(1880, 561, 2024, 10, 6, '2025-06-24 11:56:56'),
(1881, 562, 2024, 10, 5, '2025-06-24 11:56:56'),
(1884, 2, 2024, 11, 1, '2025-06-24 11:56:56'),
(1885, 3, 2024, 11, 3, '2025-06-24 11:56:56'),
(1886, 4, 2024, 11, 2, '2025-06-24 11:56:56'),
(1887, 5, 2024, 11, 4, '2025-06-24 11:56:56'),
(1888, 6, 2024, 11, 4, '2025-06-24 11:56:56'),
(1889, 7, 2024, 11, 6, '2025-06-24 11:56:56'),
(1890, 8, 2024, 11, 6, '2025-06-24 11:56:56'),
(1891, 9, 2024, 11, 5, '2025-06-24 11:56:56'),
(1892, 10, 2024, 11, 3, '2025-06-24 11:56:56'),
(1893, 11, 2024, 11, 3, '2025-06-24 11:56:56'),
(1894, 12, 2024, 11, 5, '2025-06-24 11:56:56'),
(1895, 25, 2024, 11, 2, '2025-06-24 11:56:56'),
(1896, 26, 2024, 11, 2, '2025-06-24 11:56:56'),
(1897, 27, 2024, 11, 4, '2025-06-24 11:56:56'),
(1898, 28, 2024, 11, 5, '2025-06-24 11:56:56'),
(1899, 29, 2024, 11, 4, '2025-06-24 11:56:56'),
(1900, 30, 2024, 11, 5, '2025-06-24 11:56:56'),
(1901, 31, 2024, 11, 1, '2025-06-24 11:56:56'),
(1902, 32, 2024, 11, 4, '2025-06-24 11:56:56'),
(1903, 33, 2024, 11, 4, '2025-06-24 11:56:56'),
(1904, 34, 2024, 11, 4, '2025-06-24 11:56:56'),
(1905, 35, 2024, 11, 5, '2025-06-24 11:56:56'),
(1906, 36, 2024, 11, 3, '2025-06-24 11:56:56'),
(1907, 37, 2024, 11, 4, '2025-06-24 11:56:56'),
(1908, 38, 2024, 11, 7, '2025-06-24 11:56:56'),
(1909, 39, 2024, 11, 5, '2025-06-24 11:56:56'),
(1910, 40, 2024, 11, 6, '2025-06-24 11:56:56'),
(1911, 41, 2024, 11, 7, '2025-06-24 11:56:56'),
(1913, 43, 2024, 11, 7, '2025-06-24 11:56:56'),
(1914, 44, 2024, 11, 9, '2025-06-24 11:56:56'),
(1915, 45, 2024, 11, 4, '2025-06-24 11:56:56'),
(1916, 46, 2024, 11, 5, '2025-06-24 11:56:56'),
(1917, 47, 2024, 11, 8, '2025-06-24 11:56:56'),
(1918, 48, 2024, 11, 7, '2025-06-24 11:56:56'),
(1919, 49, 2024, 11, 9, '2025-06-24 11:56:56'),
(1920, 50, 2024, 11, 10, '2025-06-24 11:56:56'),
(1921, 51, 2024, 11, 9, '2025-06-24 11:56:56'),
(1922, 52, 2024, 11, 15, '2025-06-24 11:56:56'),
(1923, 53, 2024, 11, 11, '2025-06-24 11:56:56'),
(1924, 54, 2024, 11, 8, '2025-06-24 11:56:56'),
(1925, 55, 2024, 11, 4, '2025-06-24 11:56:56'),
(1926, 56, 2024, 11, 6, '2025-06-24 11:56:56'),
(1928, 559, 2024, 11, 10, '2025-06-24 11:56:56'),
(1929, 561, 2024, 11, 5, '2025-06-24 11:56:56'),
(1930, 562, 2024, 11, 5, '2025-06-24 11:56:56'),
(1933, 2, 2024, 12, 2, '2025-06-24 11:56:56'),
(1934, 3, 2024, 12, 2, '2025-06-24 11:56:56'),
(1935, 4, 2024, 12, 5, '2025-06-24 11:56:56'),
(1936, 5, 2024, 12, 2, '2025-06-24 11:56:56'),
(1937, 6, 2024, 12, 3, '2025-06-24 11:56:56'),
(1938, 7, 2024, 12, 3, '2025-06-24 11:56:56'),
(1939, 8, 2024, 12, 3, '2025-06-24 11:56:56'),
(1940, 9, 2024, 12, 4, '2025-06-24 11:56:56'),
(1941, 10, 2024, 12, 3, '2025-06-24 11:56:56'),
(1942, 11, 2024, 12, 6, '2025-06-24 11:56:56'),
(1943, 12, 2024, 12, 5, '2025-06-24 11:56:56'),
(1944, 25, 2024, 12, 3, '2025-06-24 11:56:56'),
(1945, 26, 2024, 12, 1, '2025-06-24 11:56:56'),
(1946, 27, 2024, 12, 2, '2025-06-24 11:56:56'),
(1947, 28, 2024, 12, 3, '2025-06-24 11:56:56'),
(1948, 29, 2024, 12, 5, '2025-06-24 11:56:56'),
(1949, 30, 2024, 12, 3, '2025-06-24 11:56:56'),
(1950, 31, 2024, 12, 2, '2025-06-24 11:56:56'),
(1951, 32, 2024, 12, 5, '2025-06-24 11:56:56'),
(1952, 33, 2024, 12, 3, '2025-06-24 11:56:56'),
(1953, 34, 2024, 12, 5, '2025-06-24 11:56:56'),
(1954, 35, 2024, 12, 3, '2025-06-24 11:56:56'),
(1955, 36, 2024, 12, 5, '2025-06-24 11:56:56'),
(1956, 37, 2024, 12, 4, '2025-06-24 11:56:56'),
(1957, 38, 2024, 12, 6, '2025-06-24 11:56:56'),
(1958, 39, 2024, 12, 3, '2025-06-24 11:56:56'),
(1959, 40, 2024, 12, 4, '2025-06-24 11:56:56'),
(1960, 41, 2024, 12, 6, '2025-06-24 11:56:56'),
(1962, 43, 2024, 12, 7, '2025-06-24 11:56:56'),
(1963, 44, 2024, 12, 9, '2025-06-24 11:56:56'),
(1964, 45, 2024, 12, 3, '2025-06-24 11:56:56'),
(1965, 46, 2024, 12, 8, '2025-06-24 11:56:56'),
(1966, 47, 2024, 12, 9, '2025-06-24 11:56:56'),
(1967, 48, 2024, 12, 5, '2025-06-24 11:56:56'),
(1968, 49, 2024, 12, 10, '2025-06-24 11:56:56'),
(1969, 50, 2024, 12, 10, '2025-06-24 11:56:56'),
(1970, 51, 2024, 12, 14, '2025-06-24 11:56:56'),
(1971, 52, 2024, 12, 8, '2025-06-24 11:56:56'),
(1972, 53, 2024, 12, 9, '2025-06-24 11:56:56'),
(1973, 54, 2024, 12, 9, '2025-06-24 11:56:56'),
(1974, 55, 2024, 12, 8, '2025-06-24 11:56:56'),
(1975, 56, 2024, 12, 3, '2025-06-24 11:56:56'),
(1977, 559, 2024, 12, 9, '2025-06-24 11:56:56'),
(1978, 561, 2024, 12, 7, '2025-06-24 11:56:56'),
(1979, 562, 2024, 12, 5, '2025-06-24 11:56:56'),
(1982, 2, 2025, 1, 3, '2025-06-24 11:56:56'),
(1983, 3, 2025, 1, 1, '2025-06-24 11:56:56'),
(1984, 4, 2025, 1, 5, '2025-06-24 11:56:56'),
(1985, 5, 2025, 1, 3, '2025-06-24 11:56:56'),
(1986, 6, 2025, 1, 5, '2025-06-24 11:56:56'),
(1987, 7, 2025, 1, 6, '2025-06-24 11:56:56'),
(1988, 8, 2025, 1, 4, '2025-06-24 11:56:56'),
(1989, 9, 2025, 1, 5, '2025-06-24 11:56:56'),
(1990, 10, 2025, 1, 3, '2025-06-24 11:56:56'),
(1991, 11, 2025, 1, 5, '2025-06-24 11:56:56'),
(1992, 12, 2025, 1, 4, '2025-06-24 11:56:56'),
(1993, 25, 2025, 1, 2, '2025-06-24 11:56:56'),
(1994, 26, 2025, 1, 2, '2025-06-24 11:56:56'),
(1995, 27, 2025, 1, 2, '2025-06-24 11:56:56'),
(1996, 28, 2025, 1, 4, '2025-06-24 11:56:56'),
(1997, 29, 2025, 1, 5, '2025-06-24 11:56:56'),
(1998, 30, 2025, 1, 6, '2025-06-24 11:56:56'),
(1999, 31, 2025, 1, 3, '2025-06-24 11:56:56'),
(2000, 32, 2025, 1, 4, '2025-06-24 11:56:56'),
(2001, 33, 2025, 1, 5, '2025-06-24 11:56:56'),
(2002, 34, 2025, 1, 3, '2025-06-24 11:56:56'),
(2003, 35, 2025, 1, 4, '2025-06-24 11:56:56'),
(2004, 36, 2025, 1, 3, '2025-06-24 11:56:56'),
(2005, 37, 2025, 1, 3, '2025-06-24 11:56:56'),
(2006, 38, 2025, 1, 6, '2025-06-24 11:56:56'),
(2007, 39, 2025, 1, 4, '2025-06-24 11:56:56'),
(2008, 40, 2025, 1, 8, '2025-06-24 11:56:56'),
(2009, 41, 2025, 1, 6, '2025-06-24 11:56:56'),
(2011, 43, 2025, 1, 6, '2025-06-24 11:56:56'),
(2012, 44, 2025, 1, 10, '2025-06-24 11:56:56'),
(2013, 45, 2025, 1, 5, '2025-06-24 11:56:56'),
(2014, 46, 2025, 1, 6, '2025-06-24 11:56:56'),
(2015, 47, 2025, 1, 6, '2025-06-24 11:56:56'),
(2016, 48, 2025, 1, 9, '2025-06-24 11:56:56'),
(2017, 49, 2025, 1, 8, '2025-06-24 11:56:56'),
(2018, 50, 2025, 1, 6, '2025-06-24 11:56:56'),
(2019, 51, 2025, 1, 14, '2025-06-24 11:56:56'),
(2020, 52, 2025, 1, 9, '2025-06-24 11:56:56'),
(2021, 53, 2025, 1, 14, '2025-06-24 11:56:56'),
(2022, 54, 2025, 1, 13, '2025-06-24 11:56:56'),
(2023, 55, 2025, 1, 4, '2025-06-24 11:56:56'),
(2024, 56, 2025, 1, 5, '2025-06-24 11:56:56'),
(2026, 559, 2025, 1, 8, '2025-06-24 11:56:56'),
(2027, 561, 2025, 1, 4, '2025-06-24 11:56:56'),
(2028, 562, 2025, 1, 8, '2025-06-24 11:56:56'),
(2031, 2, 2025, 2, 1, '2025-06-24 11:56:56'),
(2032, 3, 2025, 2, 2, '2025-06-24 11:56:56'),
(2033, 4, 2025, 2, 5, '2025-06-24 11:56:56'),
(2034, 5, 2025, 2, 3, '2025-06-24 11:56:56'),
(2035, 6, 2025, 2, 5, '2025-06-24 11:56:56'),
(2036, 7, 2025, 2, 3, '2025-06-24 11:56:56'),
(2037, 8, 2025, 2, 3, '2025-06-24 11:56:56'),
(2038, 9, 2025, 2, 6, '2025-06-24 11:56:56'),
(2039, 10, 2025, 2, 5, '2025-06-24 11:56:56'),
(2040, 11, 2025, 2, 3, '2025-06-24 11:56:56'),
(2041, 12, 2025, 2, 8, '2025-06-24 11:56:56'),
(2042, 25, 2025, 2, 1, '2025-06-24 11:56:56'),
(2043, 26, 2025, 2, 1, '2025-06-24 11:56:56'),
(2044, 27, 2025, 2, 5, '2025-06-24 11:56:56'),
(2045, 28, 2025, 2, 4, '2025-06-24 11:56:56'),
(2046, 29, 2025, 2, 3, '2025-06-24 11:56:56'),
(2047, 30, 2025, 2, 4, '2025-06-24 11:56:56'),
(2048, 31, 2025, 2, 3, '2025-06-24 11:56:56'),
(2049, 32, 2025, 2, 4, '2025-06-24 11:56:56'),
(2050, 33, 2025, 2, 4, '2025-06-24 11:56:56'),
(2051, 34, 2025, 2, 4, '2025-06-24 11:56:56'),
(2052, 35, 2025, 2, 5, '2025-06-24 11:56:56'),
(2053, 36, 2025, 2, 6, '2025-06-24 11:56:56'),
(2054, 37, 2025, 2, 3, '2025-06-24 11:56:56'),
(2055, 38, 2025, 2, 4, '2025-06-24 11:56:56'),
(2056, 39, 2025, 2, 4, '2025-06-24 11:56:56'),
(2057, 40, 2025, 2, 8, '2025-06-24 11:56:56'),
(2058, 41, 2025, 2, 6, '2025-06-24 11:56:56'),
(2060, 43, 2025, 2, 5, '2025-06-24 11:56:56'),
(2061, 44, 2025, 2, 9, '2025-06-24 11:56:56'),
(2062, 45, 2025, 2, 5, '2025-06-24 11:56:56'),
(2063, 46, 2025, 2, 5, '2025-06-24 11:56:56'),
(2064, 47, 2025, 2, 5, '2025-06-24 11:56:56'),
(2065, 48, 2025, 2, 10, '2025-06-24 11:56:56'),
(2066, 49, 2025, 2, 7, '2025-06-24 11:56:56'),
(2067, 50, 2025, 2, 7, '2025-06-24 11:56:56'),
(2068, 51, 2025, 2, 14, '2025-06-24 11:56:56'),
(2069, 52, 2025, 2, 8, '2025-06-24 11:56:56'),
(2070, 53, 2025, 2, 14, '2025-06-24 11:56:56'),
(2071, 54, 2025, 2, 9, '2025-06-24 11:56:56'),
(2072, 55, 2025, 2, 4, '2025-06-24 11:56:56'),
(2073, 56, 2025, 2, 6, '2025-06-24 11:56:56'),
(2075, 559, 2025, 2, 5, '2025-06-24 11:56:56'),
(2076, 561, 2025, 2, 5, '2025-06-24 11:56:56'),
(2077, 562, 2025, 2, 4, '2025-06-24 11:56:56'),
(2080, 2, 2025, 3, 2, '2025-06-24 11:56:56'),
(2081, 3, 2025, 3, 2, '2025-06-24 11:56:56'),
(2082, 4, 2025, 3, 2, '2025-06-24 11:56:56'),
(2083, 5, 2025, 3, 3, '2025-06-24 11:56:56'),
(2084, 6, 2025, 3, 3, '2025-06-24 11:56:56'),
(2085, 7, 2025, 3, 3, '2025-06-24 11:56:56'),
(2086, 8, 2025, 3, 6, '2025-06-24 11:56:56'),
(2087, 9, 2025, 3, 3, '2025-06-24 11:56:56'),
(2088, 10, 2025, 3, 6, '2025-06-24 11:56:56'),
(2089, 11, 2025, 3, 6, '2025-06-24 11:56:56'),
(2090, 12, 2025, 3, 8, '2025-06-24 11:56:56'),
(2091, 25, 2025, 3, 3, '2025-06-24 11:56:56'),
(2092, 26, 2025, 3, 1, '2025-06-24 11:56:56'),
(2093, 27, 2025, 3, 3, '2025-06-24 11:56:56'),
(2094, 28, 2025, 3, 3, '2025-06-24 11:56:56'),
(2095, 29, 2025, 3, 3, '2025-06-24 11:56:56'),
(2096, 30, 2025, 3, 5, '2025-06-24 11:56:56'),
(2097, 31, 2025, 3, 2, '2025-06-24 11:56:56'),
(2098, 32, 2025, 3, 3, '2025-06-24 11:56:56'),
(2099, 33, 2025, 3, 5, '2025-06-24 11:56:56'),
(2100, 34, 2025, 3, 3, '2025-06-24 11:56:56'),
(2101, 35, 2025, 3, 6, '2025-06-24 11:56:56'),
(2102, 36, 2025, 3, 5, '2025-06-24 11:56:56'),
(2103, 37, 2025, 3, 6, '2025-06-24 11:56:56'),
(2104, 38, 2025, 3, 5, '2025-06-24 11:56:56'),
(2105, 39, 2025, 3, 5, '2025-06-24 11:56:56'),
(2106, 40, 2025, 3, 5, '2025-06-24 11:56:56'),
(2107, 41, 2025, 3, 6, '2025-06-24 11:56:56'),
(2109, 43, 2025, 3, 9, '2025-06-24 11:56:56'),
(2110, 44, 2025, 3, 7, '2025-06-24 11:56:56'),
(2111, 45, 2025, 3, 5, '2025-06-24 11:56:56'),
(2112, 46, 2025, 3, 7, '2025-06-24 11:56:56'),
(2113, 47, 2025, 3, 8, '2025-06-24 11:56:56'),
(2114, 48, 2025, 3, 8, '2025-06-24 11:56:56'),
(2115, 49, 2025, 3, 7, '2025-06-24 11:56:56'),
(2116, 50, 2025, 3, 7, '2025-06-24 11:56:56'),
(2117, 51, 2025, 3, 10, '2025-06-24 11:56:56'),
(2118, 52, 2025, 3, 12, '2025-06-24 11:56:56'),
(2119, 53, 2025, 3, 12, '2025-06-24 11:56:56'),
(2120, 54, 2025, 3, 11, '2025-06-24 11:56:56'),
(2121, 55, 2025, 3, 8, '2025-06-24 11:56:56'),
(2122, 56, 2025, 3, 6, '2025-06-24 11:56:56'),
(2124, 559, 2025, 3, 6, '2025-06-24 11:56:56'),
(2125, 561, 2025, 3, 5, '2025-06-24 11:56:56'),
(2126, 562, 2025, 3, 8, '2025-06-24 11:56:56'),
(2129, 2, 2025, 4, 1, '2025-06-24 11:56:56'),
(2130, 3, 2025, 4, 2, '2025-06-24 11:56:56'),
(2131, 4, 2025, 4, 5, '2025-06-24 11:56:56'),
(2132, 5, 2025, 4, 3, '2025-06-24 11:56:56'),
(2133, 6, 2025, 4, 4, '2025-06-24 11:56:56'),
(2134, 7, 2025, 4, 5, '2025-06-24 11:56:56'),
(2135, 8, 2025, 4, 6, '2025-06-24 11:56:56'),
(2136, 9, 2025, 4, 6, '2025-06-24 11:56:56'),
(2137, 10, 2025, 4, 6, '2025-06-24 11:56:56'),
(2138, 11, 2025, 4, 5, '2025-06-24 11:56:56'),
(2139, 12, 2025, 4, 5, '2025-06-24 11:56:56'),
(2140, 25, 2025, 4, 2, '2025-06-24 11:56:56'),
(2141, 26, 2025, 4, 1, '2025-06-24 11:56:56'),
(2142, 27, 2025, 4, 4, '2025-06-24 11:56:56'),
(2143, 28, 2025, 4, 5, '2025-06-24 11:56:56'),
(2144, 29, 2025, 4, 2, '2025-06-24 11:56:56'),
(2145, 30, 2025, 4, 5, '2025-06-24 11:56:56'),
(2146, 31, 2025, 4, 2, '2025-06-24 11:56:56'),
(2147, 32, 2025, 4, 4, '2025-06-24 11:56:56'),
(2148, 33, 2025, 4, 4, '2025-06-24 11:56:56'),
(2149, 34, 2025, 4, 4, '2025-06-24 11:56:56'),
(2150, 35, 2025, 4, 4, '2025-06-24 11:56:56'),
(2151, 36, 2025, 4, 5, '2025-06-24 11:56:56'),
(2152, 37, 2025, 4, 4, '2025-06-24 11:56:56'),
(2153, 38, 2025, 4, 6, '2025-06-24 11:56:56'),
(2154, 39, 2025, 4, 5, '2025-06-24 11:56:56'),
(2155, 40, 2025, 4, 8, '2025-06-24 11:56:56'),
(2156, 41, 2025, 4, 5, '2025-06-24 11:56:56'),
(2158, 43, 2025, 4, 7, '2025-06-24 11:56:56'),
(2159, 44, 2025, 4, 5, '2025-06-24 11:56:56'),
(2160, 45, 2025, 4, 6, '2025-06-24 11:56:56'),
(2161, 46, 2025, 4, 6, '2025-06-24 11:56:56'),
(2162, 47, 2025, 4, 6, '2025-06-24 11:56:56'),
(2163, 48, 2025, 4, 6, '2025-06-24 11:56:56'),
(2164, 49, 2025, 4, 5, '2025-06-24 11:56:56'),
(2165, 50, 2025, 4, 8, '2025-06-24 11:56:56'),
(2166, 51, 2025, 4, 14, '2025-06-24 11:56:56'),
(2167, 52, 2025, 4, 9, '2025-06-24 11:56:56'),
(2168, 53, 2025, 4, 15, '2025-06-24 11:56:56'),
(2169, 54, 2025, 4, 13, '2025-06-24 11:56:56'),
(2170, 55, 2025, 4, 8, '2025-06-24 11:56:56'),
(2171, 56, 2025, 4, 6, '2025-06-24 11:56:56'),
(2173, 559, 2025, 4, 9, '2025-06-24 11:56:56'),
(2174, 561, 2025, 4, 6, '2025-06-24 11:56:56'),
(2175, 562, 2025, 4, 6, '2025-06-24 11:56:56'),
(2178, 2, 2025, 5, 1, '2025-06-24 11:56:56'),
(2179, 3, 2025, 5, 2, '2025-06-24 11:56:56'),
(2180, 4, 2025, 5, 3, '2025-06-24 11:56:56'),
(2181, 5, 2025, 5, 5, '2025-06-24 11:56:56'),
(2182, 6, 2025, 5, 2, '2025-06-24 11:56:56'),
(2183, 7, 2025, 5, 6, '2025-06-24 11:56:56'),
(2184, 8, 2025, 5, 6, '2025-06-24 11:56:56'),
(2185, 9, 2025, 5, 3, '2025-06-24 11:56:56'),
(2186, 10, 2025, 5, 6, '2025-06-24 11:56:56'),
(2187, 11, 2025, 5, 3, '2025-06-24 11:56:56'),
(2188, 12, 2025, 5, 5, '2025-06-24 11:56:56'),
(2189, 25, 2025, 5, 3, '2025-06-24 11:56:56'),
(2190, 26, 2025, 5, 1, '2025-06-24 11:56:56'),
(2191, 27, 2025, 5, 5, '2025-06-24 11:56:56'),
(2192, 28, 2025, 5, 5, '2025-06-24 11:56:56'),
(2193, 29, 2025, 5, 3, '2025-06-24 11:56:56'),
(2194, 30, 2025, 5, 6, '2025-06-24 11:56:56'),
(2195, 31, 2025, 5, 1, '2025-06-24 11:56:56'),
(2196, 32, 2025, 5, 2, '2025-06-24 11:56:56'),
(2197, 33, 2025, 5, 2, '2025-06-24 11:56:56'),
(2198, 34, 2025, 5, 4, '2025-06-24 11:56:56'),
(2199, 35, 2025, 5, 3, '2025-06-24 11:56:56'),
(2200, 36, 2025, 5, 4, '2025-06-24 11:56:56'),
(2201, 37, 2025, 5, 3, '2025-06-24 11:56:56'),
(2202, 38, 2025, 5, 8, '2025-06-24 11:56:56'),
(2203, 39, 2025, 5, 4, '2025-06-24 11:56:56'),
(2204, 40, 2025, 5, 5, '2025-06-24 11:56:56'),
(2205, 41, 2025, 5, 5, '2025-06-24 11:56:56'),
(2207, 43, 2025, 5, 10, '2025-06-24 11:56:56'),
(2208, 44, 2025, 5, 8, '2025-06-24 11:56:56'),
(2209, 45, 2025, 5, 6, '2025-06-24 11:56:56'),
(2210, 46, 2025, 5, 6, '2025-06-24 11:56:56'),
(2211, 47, 2025, 5, 9, '2025-06-24 11:56:56'),
(2212, 48, 2025, 5, 6, '2025-06-24 11:56:56'),
(2213, 49, 2025, 5, 6, '2025-06-24 11:56:56'),
(2214, 50, 2025, 5, 8, '2025-06-24 11:56:56'),
(2215, 51, 2025, 5, 15, '2025-06-24 11:56:56'),
(2216, 52, 2025, 5, 13, '2025-06-24 11:56:56'),
(2217, 53, 2025, 5, 11, '2025-06-24 11:56:56'),
(2218, 54, 2025, 5, 12, '2025-06-24 11:56:56'),
(2219, 55, 2025, 5, 5, '2025-06-24 11:56:56'),
(2220, 56, 2025, 5, 3, '2025-06-24 11:56:56'),
(2222, 559, 2025, 5, 8, '2025-06-24 11:56:56'),
(2223, 561, 2025, 5, 5, '2025-06-24 11:56:56'),
(2224, 562, 2025, 5, 7, '2025-06-24 11:56:56'),
(2227, 2, 2025, 6, 2, '2025-06-24 11:56:56'),
(2228, 3, 2025, 6, 2, '2025-06-24 11:56:56'),
(2229, 4, 2025, 6, 4, '2025-06-24 11:56:56'),
(2230, 5, 2025, 6, 3, '2025-06-24 11:56:56'),
(2231, 6, 2025, 6, 5, '2025-06-24 11:56:56'),
(2232, 7, 2025, 6, 4, '2025-06-24 11:56:56'),
(2233, 8, 2025, 6, 4, '2025-06-24 11:56:56'),
(2234, 9, 2025, 6, 3, '2025-06-24 11:56:56'),
(2235, 10, 2025, 6, 6, '2025-06-24 11:56:56'),
(2236, 11, 2025, 6, 4, '2025-06-24 11:56:56'),
(2237, 12, 2025, 6, 8, '2025-06-24 11:56:56'),
(2238, 25, 2025, 6, 1, '2025-06-24 11:56:56'),
(2239, 26, 2025, 6, 3, '2025-06-24 11:56:56'),
(2240, 27, 2025, 6, 3, '2025-06-24 11:56:56'),
(2241, 28, 2025, 6, 5, '2025-06-24 11:56:56'),
(2242, 29, 2025, 6, 4, '2025-06-24 11:56:56'),
(2243, 30, 2025, 6, 6, '2025-06-24 11:56:56'),
(2244, 31, 2025, 6, 2, '2025-06-24 11:56:56'),
(2245, 32, 2025, 6, 2, '2025-06-24 11:56:56'),
(2246, 33, 2025, 6, 5, '2025-06-24 11:56:56'),
(2247, 34, 2025, 6, 5, '2025-06-24 11:56:56'),
(2248, 35, 2025, 6, 6, '2025-06-24 11:56:56'),
(2249, 36, 2025, 6, 4, '2025-06-24 11:56:56'),
(2250, 37, 2025, 6, 6, '2025-06-24 11:56:56'),
(2251, 38, 2025, 6, 4, '2025-06-24 11:56:56'),
(2252, 39, 2025, 6, 3, '2025-06-24 11:56:56'),
(2253, 40, 2025, 6, 8, '2025-06-24 11:56:56'),
(2254, 41, 2025, 6, 6, '2025-06-24 11:56:56'),
(2256, 43, 2025, 6, 6, '2025-06-24 11:56:56'),
(2257, 44, 2025, 6, 6, '2025-06-24 11:56:56'),
(2258, 45, 2025, 6, 3, '2025-06-24 11:56:56'),
(2259, 46, 2025, 6, 10, '2025-06-24 11:56:56'),
(2260, 47, 2025, 6, 5, '2025-06-24 11:56:56'),
(2261, 48, 2025, 6, 7, '2025-06-24 11:56:56'),
(2262, 49, 2025, 6, 5, '2025-06-24 11:56:56'),
(2263, 50, 2025, 6, 8, '2025-06-24 11:56:56'),
(2264, 51, 2025, 6, 8, '2025-06-24 11:56:56'),
(2265, 52, 2025, 6, 12, '2025-06-24 11:56:56'),
(2266, 53, 2025, 6, 8, '2025-06-24 11:56:56'),
(2267, 54, 2025, 6, 10, '2025-06-24 11:56:56'),
(2268, 55, 2025, 6, 6, '2025-06-24 11:56:56'),
(2269, 56, 2025, 6, 3, '2025-06-24 11:56:56'),
(2271, 559, 2025, 6, 7, '2025-06-24 11:56:56'),
(2272, 561, 2025, 6, 6, '2025-06-24 11:56:56'),
(2273, 562, 2025, 6, 5, '2025-06-24 11:56:56'),
(2276, 2, 2025, 7, 3, '2025-06-24 11:56:56'),
(2277, 3, 2025, 7, 2, '2025-06-24 11:56:56'),
(2278, 4, 2025, 7, 5, '2025-06-24 11:56:56'),
(2279, 5, 2025, 7, 3, '2025-06-24 11:56:56'),
(2280, 6, 2025, 7, 4, '2025-06-24 11:56:56'),
(2281, 7, 2025, 7, 6, '2025-06-24 11:56:56'),
(2282, 8, 2025, 7, 5, '2025-06-24 11:56:56'),
(2283, 9, 2025, 7, 3, '2025-06-24 11:56:56'),
(2284, 10, 2025, 7, 3, '2025-06-24 11:56:56'),
(2285, 11, 2025, 7, 5, '2025-06-24 11:56:56'),
(2286, 12, 2025, 7, 4, '2025-06-24 11:56:56'),
(2287, 25, 2025, 7, 2, '2025-06-24 11:56:56'),
(2288, 26, 2025, 7, 1, '2025-06-24 11:56:56'),
(2289, 27, 2025, 7, 2, '2025-06-24 11:56:56'),
(2290, 28, 2025, 7, 4, '2025-06-24 11:56:56'),
(2291, 29, 2025, 7, 4, '2025-06-24 11:56:56'),
(2292, 30, 2025, 7, 6, '2025-06-24 11:56:56'),
(2293, 31, 2025, 7, 3, '2025-06-24 11:56:56'),
(2294, 32, 2025, 7, 2, '2025-06-24 11:56:56'),
(2295, 33, 2025, 7, 2, '2025-06-24 11:56:56'),
(2296, 34, 2025, 7, 5, '2025-06-24 11:56:56'),
(2297, 35, 2025, 7, 5, '2025-06-24 11:56:56'),
(2298, 36, 2025, 7, 3, '2025-06-24 11:56:56'),
(2299, 37, 2025, 7, 3, '2025-06-24 11:56:56'),
(2300, 38, 2025, 7, 6, '2025-06-24 11:56:56'),
(2301, 39, 2025, 7, 3, '2025-06-24 11:56:56'),
(2302, 40, 2025, 7, 8, '2025-06-24 11:56:56'),
(2303, 41, 2025, 7, 4, '2025-06-24 11:56:56'),
(2305, 43, 2025, 7, 10, '2025-06-24 11:56:56'),
(2306, 44, 2025, 7, 6, '2025-06-24 11:56:56'),
(2307, 45, 2025, 7, 3, '2025-06-24 11:56:56'),
(2308, 46, 2025, 7, 6, '2025-06-24 11:56:56'),
(2309, 47, 2025, 7, 5, '2025-06-24 11:56:56'),
(2310, 48, 2025, 7, 9, '2025-06-24 11:56:56'),
(2311, 49, 2025, 7, 7, '2025-06-24 11:56:56'),
(2312, 50, 2025, 7, 7, '2025-06-24 11:56:56'),
(2313, 51, 2025, 7, 13, '2025-06-24 11:56:56'),
(2314, 52, 2025, 7, 10, '2025-06-24 11:56:56'),
(2315, 53, 2025, 7, 13, '2025-06-24 11:56:56'),
(2316, 54, 2025, 7, 13, '2025-06-24 11:56:56'),
(2317, 55, 2025, 7, 7, '2025-06-24 11:56:56'),
(2318, 56, 2025, 7, 4, '2025-06-24 11:56:56'),
(2320, 559, 2025, 7, 10, '2025-06-24 11:56:56'),
(2321, 561, 2025, 7, 8, '2025-06-24 11:56:56'),
(2322, 562, 2025, 7, 7, '2025-06-24 11:56:56'),
(2325, 2, 2025, 8, 2, '2025-06-24 11:56:56'),
(2326, 3, 2025, 8, 2, '2025-06-24 11:56:56'),
(2327, 4, 2025, 8, 2, '2025-06-24 11:56:56'),
(2328, 5, 2025, 8, 5, '2025-06-24 11:56:56'),
(2329, 6, 2025, 8, 4, '2025-06-24 11:56:56'),
(2330, 7, 2025, 8, 5, '2025-06-24 11:56:56'),
(2331, 8, 2025, 8, 5, '2025-06-24 11:56:56'),
(2332, 9, 2025, 8, 5, '2025-06-24 11:56:56'),
(2333, 10, 2025, 8, 6, '2025-06-24 11:56:56'),
(2334, 11, 2025, 8, 4, '2025-06-24 11:56:56'),
(2335, 12, 2025, 8, 8, '2025-06-24 11:56:56'),
(2336, 25, 2025, 8, 3, '2025-06-24 11:56:56'),
(2337, 26, 2025, 8, 2, '2025-06-24 11:56:56'),
(2338, 27, 2025, 8, 4, '2025-06-24 11:56:56'),
(2339, 28, 2025, 8, 4, '2025-06-24 11:56:56'),
(2340, 29, 2025, 8, 4, '2025-06-24 11:56:56'),
(2341, 30, 2025, 8, 5, '2025-06-24 11:56:56'),
(2342, 31, 2025, 8, 2, '2025-06-24 11:56:56'),
(2343, 32, 2025, 8, 3, '2025-06-24 11:56:56'),
(2344, 33, 2025, 8, 5, '2025-06-24 11:56:56'),
(2345, 34, 2025, 8, 4, '2025-06-24 11:56:56'),
(2346, 35, 2025, 8, 5, '2025-06-24 11:56:56'),
(2347, 36, 2025, 8, 6, '2025-06-24 11:56:56'),
(2348, 37, 2025, 8, 6, '2025-06-24 11:56:56'),
(2349, 38, 2025, 8, 6, '2025-06-24 11:56:56'),
(2350, 39, 2025, 8, 4, '2025-06-24 11:56:56'),
(2351, 40, 2025, 8, 7, '2025-06-24 11:56:56'),
(2352, 41, 2025, 8, 8, '2025-06-24 11:56:56'),
(2354, 43, 2025, 8, 10, '2025-06-24 11:56:56'),
(2355, 44, 2025, 8, 7, '2025-06-24 11:56:56'),
(2356, 45, 2025, 8, 4, '2025-06-24 11:56:56'),
(2357, 46, 2025, 8, 10, '2025-06-24 11:56:56'),
(2358, 47, 2025, 8, 7, '2025-06-24 11:56:56'),
(2359, 48, 2025, 8, 9, '2025-06-24 11:56:56'),
(2360, 49, 2025, 8, 7, '2025-06-24 11:56:56'),
(2361, 50, 2025, 8, 7, '2025-06-24 11:56:56'),
(2362, 51, 2025, 8, 15, '2025-06-24 11:56:56'),
(2363, 52, 2025, 8, 14, '2025-06-24 11:56:56'),
(2364, 53, 2025, 8, 14, '2025-06-24 11:56:56'),
(2365, 54, 2025, 8, 10, '2025-06-24 11:56:56'),
(2366, 55, 2025, 8, 6, '2025-06-24 11:56:56'),
(2367, 56, 2025, 8, 6, '2025-06-24 11:56:56'),
(2369, 559, 2025, 8, 5, '2025-06-24 11:56:56'),
(2370, 561, 2025, 8, 5, '2025-06-24 11:56:56'),
(2371, 562, 2025, 8, 4, '2025-06-24 11:56:56'),
(2374, 2, 2025, 9, 2, '2025-06-24 11:56:56'),
(2375, 3, 2025, 9, 2, '2025-06-24 11:56:56'),
(2376, 4, 2025, 9, 2, '2025-06-24 11:56:56'),
(2377, 5, 2025, 9, 5, '2025-06-24 11:56:56'),
(2378, 6, 2025, 9, 2, '2025-06-24 11:56:56'),
(2379, 7, 2025, 9, 3, '2025-06-24 11:56:56'),
(2380, 8, 2025, 9, 4, '2025-06-24 11:56:56'),
(2381, 9, 2025, 9, 6, '2025-06-24 11:56:56'),
(2382, 10, 2025, 9, 5, '2025-06-24 11:56:56'),
(2383, 11, 2025, 9, 4, '2025-06-24 11:56:56'),
(2384, 12, 2025, 9, 5, '2025-06-24 11:56:56'),
(2385, 25, 2025, 9, 1, '2025-06-24 11:56:56'),
(2386, 26, 2025, 9, 1, '2025-06-24 11:56:56'),
(2387, 27, 2025, 9, 3, '2025-06-24 11:56:56'),
(2388, 28, 2025, 9, 3, '2025-06-24 11:56:56'),
(2389, 29, 2025, 9, 3, '2025-06-24 11:56:56'),
(2390, 30, 2025, 9, 3, '2025-06-24 11:56:56'),
(2391, 31, 2025, 9, 2, '2025-06-24 11:56:56'),
(2392, 32, 2025, 9, 2, '2025-06-24 11:56:56'),
(2393, 33, 2025, 9, 5, '2025-06-24 11:56:56'),
(2394, 34, 2025, 9, 5, '2025-06-24 11:56:56'),
(2395, 35, 2025, 9, 4, '2025-06-24 11:56:56'),
(2396, 36, 2025, 9, 3, '2025-06-24 11:56:56'),
(2397, 37, 2025, 9, 4, '2025-06-24 11:56:56'),
(2398, 38, 2025, 9, 7, '2025-06-24 11:56:56'),
(2399, 39, 2025, 9, 2, '2025-06-24 11:56:56'),
(2400, 40, 2025, 9, 5, '2025-06-24 11:56:56'),
(2401, 41, 2025, 9, 8, '2025-06-24 11:56:56'),
(2403, 43, 2025, 9, 6, '2025-06-24 11:56:56'),
(2404, 44, 2025, 9, 7, '2025-06-24 11:56:56'),
(2405, 45, 2025, 9, 3, '2025-06-24 11:56:56'),
(2406, 46, 2025, 9, 9, '2025-06-24 11:56:56'),
(2407, 47, 2025, 9, 7, '2025-06-24 11:56:56'),
(2408, 48, 2025, 9, 6, '2025-06-24 11:56:56'),
(2409, 49, 2025, 9, 6, '2025-06-24 11:56:56'),
(2410, 50, 2025, 9, 10, '2025-06-24 11:56:56'),
(2411, 51, 2025, 9, 9, '2025-06-24 11:56:56'),
(2412, 52, 2025, 9, 15, '2025-06-24 11:56:56'),
(2413, 53, 2025, 9, 14, '2025-06-24 11:56:56'),
(2414, 54, 2025, 9, 15, '2025-06-24 11:56:56'),
(2415, 55, 2025, 9, 7, '2025-06-24 11:56:56'),
(2416, 56, 2025, 9, 4, '2025-06-24 11:56:56'),
(2418, 559, 2025, 9, 8, '2025-06-24 11:56:56'),
(2419, 561, 2025, 9, 6, '2025-06-24 11:56:56'),
(2420, 562, 2025, 9, 6, '2025-06-24 11:56:56'),
(2423, 2, 2025, 10, 1, '2025-06-24 11:56:56'),
(2424, 3, 2025, 10, 1, '2025-06-24 11:56:56'),
(2425, 4, 2025, 10, 4, '2025-06-24 11:56:56'),
(2426, 5, 2025, 10, 3, '2025-06-24 11:56:56'),
(2427, 6, 2025, 10, 5, '2025-06-24 11:56:56'),
(2428, 7, 2025, 10, 3, '2025-06-24 11:56:56'),
(2429, 8, 2025, 10, 5, '2025-06-24 11:56:56'),
(2430, 9, 2025, 10, 4, '2025-06-24 11:56:56'),
(2431, 10, 2025, 10, 5, '2025-06-24 11:56:56'),
(2432, 11, 2025, 10, 3, '2025-06-24 11:56:56'),
(2433, 12, 2025, 10, 8, '2025-06-24 11:56:56'),
(2434, 25, 2025, 10, 1, '2025-06-24 11:56:56'),
(2435, 26, 2025, 10, 3, '2025-06-24 11:56:56'),
(2436, 27, 2025, 10, 4, '2025-06-24 11:56:56'),
(2437, 28, 2025, 10, 2, '2025-06-24 11:56:56'),
(2438, 29, 2025, 10, 3, '2025-06-24 11:56:56'),
(2439, 30, 2025, 10, 3, '2025-06-24 11:56:56'),
(2440, 31, 2025, 10, 3, '2025-06-24 11:56:56'),
(2441, 32, 2025, 10, 3, '2025-06-24 11:56:56'),
(2442, 33, 2025, 10, 4, '2025-06-24 11:56:56'),
(2443, 34, 2025, 10, 5, '2025-06-24 11:56:56'),
(2444, 35, 2025, 10, 4, '2025-06-24 11:56:56'),
(2445, 36, 2025, 10, 3, '2025-06-24 11:56:56'),
(2446, 37, 2025, 10, 4, '2025-06-24 11:56:56'),
(2447, 38, 2025, 10, 7, '2025-06-24 11:56:56'),
(2448, 39, 2025, 10, 4, '2025-06-24 11:56:56'),
(2449, 40, 2025, 10, 7, '2025-06-24 11:56:56'),
(2450, 41, 2025, 10, 8, '2025-06-24 11:56:56'),
(2452, 43, 2025, 10, 8, '2025-06-24 11:56:56'),
(2453, 44, 2025, 10, 5, '2025-06-24 11:56:56'),
(2454, 45, 2025, 10, 4, '2025-06-24 11:56:56'),
(2455, 46, 2025, 10, 7, '2025-06-24 11:56:56'),
(2456, 47, 2025, 10, 6, '2025-06-24 11:56:56'),
(2457, 48, 2025, 10, 10, '2025-06-24 11:56:56'),
(2458, 49, 2025, 10, 7, '2025-06-24 11:56:56'),
(2459, 50, 2025, 10, 8, '2025-06-24 11:56:56'),
(2460, 51, 2025, 10, 12, '2025-06-24 11:56:56'),
(2461, 52, 2025, 10, 8, '2025-06-24 11:56:56'),
(2462, 53, 2025, 10, 14, '2025-06-24 11:56:56'),
(2463, 54, 2025, 10, 14, '2025-06-24 11:56:56'),
(2464, 55, 2025, 10, 6, '2025-06-24 11:56:56'),
(2465, 56, 2025, 10, 3, '2025-06-24 11:56:56'),
(2467, 559, 2025, 10, 10, '2025-06-24 11:56:56'),
(2468, 561, 2025, 10, 8, '2025-06-24 11:56:56'),
(2469, 562, 2025, 10, 7, '2025-06-24 11:56:56'),
(2472, 2, 2025, 11, 1, '2025-06-24 11:56:56'),
(2473, 3, 2025, 11, 1, '2025-06-24 11:56:56'),
(2474, 4, 2025, 11, 5, '2025-06-24 11:56:56'),
(2475, 5, 2025, 11, 5, '2025-06-24 11:56:56'),
(2476, 6, 2025, 11, 3, '2025-06-24 11:56:56'),
(2477, 7, 2025, 11, 4, '2025-06-24 11:56:56'),
(2478, 8, 2025, 11, 5, '2025-06-24 11:56:56'),
(2479, 9, 2025, 11, 3, '2025-06-24 11:56:56'),
(2480, 10, 2025, 11, 6, '2025-06-24 11:56:56'),
(2481, 11, 2025, 11, 5, '2025-06-24 11:56:56'),
(2482, 12, 2025, 11, 5, '2025-06-24 11:56:56'),
(2483, 25, 2025, 11, 3, '2025-06-24 11:56:56'),
(2484, 26, 2025, 11, 1, '2025-06-24 11:56:56'),
(2485, 27, 2025, 11, 2, '2025-06-24 11:56:56'),
(2486, 28, 2025, 11, 4, '2025-06-24 11:56:56'),
(2487, 29, 2025, 11, 2, '2025-06-24 11:56:56'),
(2488, 30, 2025, 11, 5, '2025-06-24 11:56:56'),
(2489, 31, 2025, 11, 1, '2025-06-24 11:56:56'),
(2490, 32, 2025, 11, 5, '2025-06-24 11:56:56'),
(2491, 33, 2025, 11, 3, '2025-06-24 11:56:56'),
(2492, 34, 2025, 11, 4, '2025-06-24 11:56:56'),
(2493, 35, 2025, 11, 5, '2025-06-24 11:56:56'),
(2494, 36, 2025, 11, 5, '2025-06-24 11:56:56'),
(2495, 37, 2025, 11, 6, '2025-06-24 11:56:56'),
(2496, 38, 2025, 11, 4, '2025-06-24 11:56:56'),
(2497, 39, 2025, 11, 3, '2025-06-24 11:56:56'),
(2498, 40, 2025, 11, 4, '2025-06-24 11:56:56'),
(2499, 41, 2025, 11, 7, '2025-06-24 11:56:56'),
(2501, 43, 2025, 11, 8, '2025-06-24 11:56:56'),
(2502, 44, 2025, 11, 5, '2025-06-24 11:56:56'),
(2503, 45, 2025, 11, 4, '2025-06-24 11:56:56'),
(2504, 46, 2025, 11, 5, '2025-06-24 11:56:56'),
(2505, 47, 2025, 11, 8, '2025-06-24 11:56:56'),
(2506, 48, 2025, 11, 5, '2025-06-24 11:56:56'),
(2507, 49, 2025, 11, 9, '2025-06-24 11:56:56'),
(2508, 50, 2025, 11, 8, '2025-06-24 11:56:56'),
(2509, 51, 2025, 11, 13, '2025-06-24 11:56:56'),
(2510, 52, 2025, 11, 11, '2025-06-24 11:56:56'),
(2511, 53, 2025, 11, 15, '2025-06-24 11:56:56'),
(2512, 54, 2025, 11, 10, '2025-06-24 11:56:56'),
(2513, 55, 2025, 11, 8, '2025-06-24 11:56:56'),
(2514, 56, 2025, 11, 5, '2025-06-24 11:56:56'),
(2516, 559, 2025, 11, 9, '2025-06-24 11:56:56'),
(2517, 561, 2025, 11, 7, '2025-06-24 11:56:56'),
(2518, 562, 2025, 11, 6, '2025-06-24 11:56:56'),
(2521, 2, 2025, 12, 3, '2025-06-24 11:56:56'),
(2522, 3, 2025, 12, 2, '2025-06-24 11:56:56'),
(2523, 4, 2025, 12, 5, '2025-06-24 11:56:56'),
(2524, 5, 2025, 12, 3, '2025-06-24 11:56:56'),
(2525, 6, 2025, 12, 5, '2025-06-24 11:56:56'),
(2526, 7, 2025, 12, 6, '2025-06-24 11:56:56'),
(2527, 8, 2025, 12, 5, '2025-06-24 11:56:56'),
(2528, 9, 2025, 12, 4, '2025-06-24 11:56:56'),
(2529, 10, 2025, 12, 5, '2025-06-24 11:56:56'),
(2530, 11, 2025, 12, 5, '2025-06-24 11:56:56'),
(2531, 12, 2025, 12, 5, '2025-06-24 11:56:56'),
(2532, 25, 2025, 12, 3, '2025-06-24 11:56:56'),
(2533, 26, 2025, 12, 3, '2025-06-24 11:56:56'),
(2534, 27, 2025, 12, 4, '2025-06-24 11:56:56'),
(2535, 28, 2025, 12, 5, '2025-06-24 11:56:56'),
(2536, 29, 2025, 12, 5, '2025-06-24 11:56:56'),
(2537, 30, 2025, 12, 5, '2025-06-24 11:56:56'),
(2538, 31, 2025, 12, 1, '2025-06-24 11:56:56'),
(2539, 32, 2025, 12, 3, '2025-06-24 11:56:56'),
(2540, 33, 2025, 12, 3, '2025-06-24 11:56:56'),
(2541, 34, 2025, 12, 4, '2025-06-24 11:56:56'),
(2542, 35, 2025, 12, 4, '2025-06-24 11:56:56'),
(2543, 36, 2025, 12, 6, '2025-06-24 11:56:56'),
(2544, 37, 2025, 12, 6, '2025-06-24 11:56:56'),
(2545, 38, 2025, 12, 4, '2025-06-24 11:56:56'),
(2546, 39, 2025, 12, 5, '2025-06-24 11:56:56'),
(2547, 40, 2025, 12, 4, '2025-06-24 11:56:56'),
(2548, 41, 2025, 12, 8, '2025-06-24 11:56:56'),
(2550, 43, 2025, 12, 7, '2025-06-24 11:56:56'),
(2551, 44, 2025, 12, 6, '2025-06-24 11:56:56'),
(2552, 45, 2025, 12, 3, '2025-06-24 11:56:56'),
(2553, 46, 2025, 12, 10, '2025-06-24 11:56:56'),
(2554, 47, 2025, 12, 8, '2025-06-24 11:56:56'),
(2555, 48, 2025, 12, 9, '2025-06-24 11:56:56'),
(2556, 49, 2025, 12, 6, '2025-06-24 11:56:56'),
(2557, 50, 2025, 12, 9, '2025-06-24 11:56:56'),
(2558, 51, 2025, 12, 12, '2025-06-24 11:56:56'),
(2559, 52, 2025, 12, 11, '2025-06-24 11:56:56'),
(2560, 53, 2025, 12, 8, '2025-06-24 11:56:56'),
(2561, 54, 2025, 12, 10, '2025-06-24 11:56:56'),
(2562, 55, 2025, 12, 4, '2025-06-24 11:56:56'),
(2563, 56, 2025, 12, 6, '2025-06-24 11:56:56'),
(2565, 559, 2025, 12, 9, '2025-06-24 11:56:56'),
(2566, 561, 2025, 12, 6, '2025-06-24 11:56:56'),
(2567, 562, 2025, 12, 4, '2025-06-24 11:56:56');

-- --------------------------------------------------------

--
-- Table structure for table `users`
--

CREATE TABLE `users` (
  `id` int(11) NOT NULL,
  `email` varchar(100) NOT NULL,
  `password` varchar(255) NOT NULL,
  `created_at` timestamp NOT NULL DEFAULT current_timestamp(),
  `role` enum('user','admin') DEFAULT 'user'
) ENGINE=InnoDB DEFAULT CHARSET=utf8 COLLATE=utf8_general_ci;

--
-- Dumping data for table `users`
--

INSERT INTO `users` (`id`, `email`, `password`, `created_at`, `role`) VALUES
(1, 'admin@atelien.com', '$2a$10$7gEOpRuo6JQys3qmSrNnouLJ0DHs3OxBDNer72xy4QgzWdmUuvSWe', '2025-06-21 14:51:23', 'admin'),
(13, 'user@atelien.com', '$2a$10$Rrpgc9.oMb3L4dFg7YbK5Oc6RZLnqKyo1teg6SR66CSUlg2GeC3B.', '2025-06-25 12:24:42', 'user'),
(17, 'asdsd@sd.com', '$2a$10$ppHRn76jhLC9OCzLb.ixcO/bNjd/SPji6iGItCdn9NLVFObMzkolm', '2025-06-25 15:45:30', 'user'),
(18, 'wuttikan_s@cmu.ac.th', '$2a$10$WityyDo4r4O4Ex3t5.i2HO0RsEzv3cqaolhEg6F6nynP1U4/d2FM.', '2025-06-25 20:15:47', 'user');

--
-- Indexes for dumped tables
--

--
-- Indexes for table `contact_us`
--
ALTER TABLE `contact_us`
  ADD PRIMARY KEY (`id`);

--
-- Indexes for table `discount_coupons`
--
ALTER TABLE `discount_coupons`
  ADD PRIMARY KEY (`id`),
  ADD UNIQUE KEY `code` (`code`);

--
-- Indexes for table `monthly_stats`
--
ALTER TABLE `monthly_stats`
  ADD PRIMARY KEY (`id`);

--
-- Indexes for table `orders`
--
ALTER TABLE `orders`
  ADD PRIMARY KEY (`id`),
  ADD KEY `idx_user_id` (`user_id`),
  ADD KEY `idx_status` (`status`),
  ADD KEY `idx_created_at` (`created_at`);

--
-- Indexes for table `products`
--
ALTER TABLE `products`
  ADD PRIMARY KEY (`id`),
  ADD KEY `idx_category` (`category`),
  ADD KEY `idx_name` (`name`);

--
-- Indexes for table `product_sales_history`
--
ALTER TABLE `product_sales_history`
  ADD PRIMARY KEY (`id`),
  ADD KEY `product_sales_history_ibfk_1` (`product_id`);

--
-- Indexes for table `users`
--
ALTER TABLE `users`
  ADD PRIMARY KEY (`id`),
  ADD UNIQUE KEY `email` (`email`),
  ADD KEY `idx_email` (`email`);

--
-- AUTO_INCREMENT for dumped tables
--

--
-- AUTO_INCREMENT for table `contact_us`
--
ALTER TABLE `contact_us`
  MODIFY `id` int(11) NOT NULL AUTO_INCREMENT, AUTO_INCREMENT=17;

--
-- AUTO_INCREMENT for table `discount_coupons`
--
ALTER TABLE `discount_coupons`
  MODIFY `id` int(11) NOT NULL AUTO_INCREMENT, AUTO_INCREMENT=12;

--
-- AUTO_INCREMENT for table `monthly_stats`
--
ALTER TABLE `monthly_stats`
  MODIFY `id` int(11) NOT NULL AUTO_INCREMENT, AUTO_INCREMENT=361;

--
-- AUTO_INCREMENT for table `orders`
--
ALTER TABLE `orders`
  MODIFY `id` int(11) NOT NULL AUTO_INCREMENT, AUTO_INCREMENT=109;

--
-- AUTO_INCREMENT for table `products`
--
ALTER TABLE `products`
  MODIFY `id` int(11) NOT NULL AUTO_INCREMENT, AUTO_INCREMENT=570;

--
-- AUTO_INCREMENT for table `product_sales_history`
--
ALTER TABLE `product_sales_history`
  MODIFY `id` int(11) NOT NULL AUTO_INCREMENT, AUTO_INCREMENT=2569;

--
-- AUTO_INCREMENT for table `users`
--
ALTER TABLE `users`
  MODIFY `id` int(11) NOT NULL AUTO_INCREMENT, AUTO_INCREMENT=19;

--
-- Constraints for dumped tables
--

--
-- Constraints for table `orders`
--
ALTER TABLE `orders`
  ADD CONSTRAINT `orders_ibfk_1` FOREIGN KEY (`user_id`) REFERENCES `users` (`id`);

--
-- Constraints for table `product_sales_history`
--
ALTER TABLE `product_sales_history`
  ADD CONSTRAINT `product_sales_history_ibfk_1` FOREIGN KEY (`product_id`) REFERENCES `products` (`id`) ON DELETE CASCADE;
COMMIT;

/*!40101 SET CHARACTER_SET_CLIENT=@OLD_CHARACTER_SET_CLIENT */;
/*!40101 SET CHARACTER_SET_RESULTS=@OLD_CHARACTER_SET_RESULTS */;
/*!40101 SET COLLATION_CONNECTION=@OLD_COLLATION_CONNECTION */;
